-- phpMyAdmin SQL Dump
-- version 5.2.1
-- https://www.phpmyadmin.net/
--
-- 主機： 127.0.0.1
-- 產生時間： 2025-12-09 14:19:29
-- 伺服器版本： 10.4.32-MariaDB
-- PHP 版本： 8.2.12

SET SQL_MODE = "NO_AUTO_VALUE_ON_ZERO";
START TRANSACTION;
SET time_zone = "+00:00";


/*!40101 SET @OLD_CHARACTER_SET_CLIENT=@@CHARACTER_SET_CLIENT */;
/*!40101 SET @OLD_CHARACTER_SET_RESULTS=@@CHARACTER_SET_RESULTS */;
/*!40101 SET @OLD_COLLATION_CONNECTION=@@COLLATION_CONNECTION */;
/*!40101 SET NAMES utf8mb4 */;

--
-- 資料庫： `watsons_db`
--
CREATE DATABASE IF NOT EXISTS `watsons_db` DEFAULT CHARACTER SET utf8mb4 COLLATE utf8mb4_general_ci;
USE `watsons_db`;

-- --------------------------------------------------------

--
-- 資料表結構 `admin`
--

CREATE TABLE `admin` (
  `admin_id` bigint(20) NOT NULL,
  `username` varchar(80) NOT NULL,
  `password` varchar(255) NOT NULL,
  `role_id` int(11) NOT NULL
) ENGINE=InnoDB DEFAULT CHARSET=utf8mb4 COLLATE=utf8mb4_unicode_ci;

--
-- 傾印資料表的資料 `admin`
--

INSERT INTO `admin` (`admin_id`, `username`, `password`, `role_id`) VALUES
(1, 'admin', '$2y$10$x7cc2pJsxJxdTULcNqdPBOdz14zKncpaQl1gops8srkZMnvD1XVgu', 1),
(2, 'stock_manager', '$2y$10$BqluSVKVKa4/hM1wINa3dOq6HE9xbiaeUnmtQSI6Nd8xz33uLWBQq', 2);

-- --------------------------------------------------------

--
-- 資料表結構 `cart_item`
--

CREATE TABLE `cart_item` (
  `cart_item_id` bigint(20) NOT NULL,
  `customer_id` bigint(20) NOT NULL,
  `product_id` bigint(20) NOT NULL,
  `quantity` int(11) NOT NULL
) ;

-- --------------------------------------------------------

--
-- 資料表結構 `category`
--

CREATE TABLE `category` (
  `category_id` int(11) NOT NULL,
  `category_name` varchar(80) NOT NULL
) ENGINE=InnoDB DEFAULT CHARSET=utf8mb4 COLLATE=utf8mb4_unicode_ci;

--
-- 傾印資料表的資料 `category`
--

INSERT INTO `category` (`category_id`, `category_name`) VALUES
(15, '保健飲品'),
(3, '保養'),
(25, '健身器材'),
(2, '卸妝'),
(6, '唇部彩妝'),
(19, '女性生理用品'),
(21, '家庭清潔'),
(12, '專櫃彩妝'),
(10, '專櫃臉部保養'),
(11, '專櫃身體保養'),
(5, '指甲彩繪'),
(26, '按摩器材'),
(1, '清潔'),
(8, '清潔卸妝'),
(13, '營養補充品'),
(27, '瑜珈運動配件'),
(23, '男士臉部保養'),
(22, '男士身體保養'),
(24, '男性保健食品'),
(4, '眼眉彩妝'),
(14, '維他命'),
(20, '衛生紙'),
(17, '身體保養'),
(16, '身體清潔'),
(9, '醫美保養'),
(7, '防曬隔離BB霜'),
(18, '頭髮造型');

-- --------------------------------------------------------

--
-- 資料表結構 `customer`
--

CREATE TABLE `customer` (
  `customer_id` bigint(20) NOT NULL,
  `name` varchar(80) NOT NULL,
  `email` varchar(100) NOT NULL,
  `password` varchar(255) NOT NULL,
  `phone` varchar(20) DEFAULT NULL,
  `address_line1` varchar(255) NOT NULL,
  `address_line2` varchar(255) DEFAULT NULL,
  `district` varchar(100) NOT NULL,
  `city` varchar(100) NOT NULL,
  `postal_code` varchar(20) NOT NULL,
  `points` int(11) DEFAULT 0
) ;

--
-- 傾印資料表的資料 `customer`
--

INSERT INTO `customer` (`customer_id`, `name`, `email`, `password`, `phone`, `address_line1`, `address_line2`, `district`, `city`, `postal_code`, `points`) VALUES
(1, '王小明', 'xiaoming@example.com', '$2y$10$rjSqcur8G9h0GLzABe.7mu8oibyH0zHxqqzVjN1Tt55IAfJFLyV2K', '0912345678', '中山路100號', '', '中山區', '臺北市', '104', 120),
(2, '張三', 'chang@example.com', '$2y$10$/T9BzTw.f53uUoYm1eo0TeyrPax2dv7MM12gDw8.EPgQk7Yq6kBbO', '09112233', '仁愛路200號', '5樓', '大安區', '臺北市', '106', 5200),
(3, '李四', 'li@example.com', '$2y$10$p2tTMn8eJtNpJTeSSA2GEeCsuxSURCWCyZhgQkiyI8mIEqrCRh3mS', '0922333444', '成都路32號', '', '萬華區', '臺北市', '108', 22000),
(5, 'a', 'claire@lang.idv.tw', '$2y$10$ihy07SA47tV.awpWXTpvbOnA/d5FAVLVH.7LQMfBmhr98wbb00hy.', '1', '123', '', '萬華區', '臺北市', '108', 5003);

-- --------------------------------------------------------

--
-- 資料表結構 `membership_level`
--

CREATE TABLE `membership_level` (
  `level_id` int(11) NOT NULL,
  `level_name` enum('銀卡','金卡','白金卡') NOT NULL,
  `threshold_amount` decimal(10,2) NOT NULL
) ;

--
-- 傾印資料表的資料 `membership_level`
--

INSERT INTO `membership_level` (`level_id`, `level_name`, `threshold_amount`) VALUES
(1, '銀卡', 0.00),
(2, '金卡', 5000.00),
(3, '白金卡', 20000.00);

-- --------------------------------------------------------

--
-- 資料表結構 `order`
--

CREATE TABLE `order` (
  `order_id` bigint(20) NOT NULL,
  `customer_id` bigint(20) NOT NULL,
  `order_date` datetime DEFAULT current_timestamp(),
  `total_amount` decimal(10,2) NOT NULL,
  `payment_id` bigint(20) DEFAULT NULL,
  `point_add` int(11) DEFAULT 0
) ;

--
-- 傾印資料表的資料 `order`
--

INSERT INTO `order` (`order_id`, `customer_id`, `order_date`, `total_amount`, `payment_id`, `point_add`) VALUES
(1, 1, '2025-11-24 09:29:48', 980.00, 1, 50),
(2, 5, '2025-12-09 05:42:49', 141.00, 1, 0),
(3, 5, '2025-12-09 06:09:08', 251.00, 1, 2),
(10, 5, '2025-12-09 21:01:03', 220.00, 2, 2);

-- --------------------------------------------------------

--
-- 資料表結構 `order_detail`
--

CREATE TABLE `order_detail` (
  `order_detail_id` bigint(20) NOT NULL,
  `order_id` bigint(20) NOT NULL,
  `product_id` bigint(20) NOT NULL,
  `quantity` int(11) NOT NULL,
  `unit_price` decimal(10,2) NOT NULL
) ;

--
-- 傾印資料表的資料 `order_detail`
--

INSERT INTO `order_detail` (`order_detail_id`, `order_id`, `product_id`, `quantity`, `unit_price`) VALUES
(5, 1, 1, 2, 450.00),
(6, 1, 3, 1, 80.00),
(7, 2, 1, 1, 141.00),
(8, 3, 2, 1, 110.00),
(9, 3, 1, 1, 141.00),
(10, 10, 2, 2, 110.00);

-- --------------------------------------------------------

--
-- 資料表結構 `payment`
--

CREATE TABLE `payment` (
  `payment_id` bigint(20) NOT NULL,
  `payment_method` enum('credit_card','cash','transfer') NOT NULL,
  `status` enum('pending','paid','failed','refunded') DEFAULT 'pending',
  `transaction_time` datetime DEFAULT current_timestamp()
) ENGINE=InnoDB DEFAULT CHARSET=utf8mb4 COLLATE=utf8mb4_unicode_ci;

--
-- 傾印資料表的資料 `payment`
--

INSERT INTO `payment` (`payment_id`, `payment_method`, `status`, `transaction_time`) VALUES
(1, 'credit_card', 'paid', '2025-11-24 09:09:27'),
(2, 'cash', 'pending', '2025-11-24 09:09:27');

-- --------------------------------------------------------

--
-- 資料表結構 `permission`
--

CREATE TABLE `permission` (
  `permission_id` int(11) NOT NULL,
  `description` varchar(120) NOT NULL
) ENGINE=InnoDB DEFAULT CHARSET=utf8mb4 COLLATE=utf8mb4_unicode_ci;

--
-- 傾印資料表的資料 `permission`
--

INSERT INTO `permission` (`permission_id`, `description`) VALUES
(1, '管理商品'),
(2, '查看訂單'),
(3, '管理會員'),
(4, '後台帳號與權限');

-- --------------------------------------------------------

--
-- 資料表結構 `product`
--

CREATE TABLE `product` (
  `product_id` bigint(20) NOT NULL,
  `product_name` varchar(120) NOT NULL,
  `price` decimal(10,2) NOT NULL,
  `stock` int(11) NOT NULL DEFAULT 0,
  `category_id` int(11) DEFAULT NULL
) ;

--
-- 傾印資料表的資料 `product`
--

INSERT INTO `product` (`product_id`, `product_name`, `price`, `stock`, `category_id`) VALUES
(1, '巴黎萊雅 活力緊緻潔面乳100ml', 141.00, 80, 1),
(2, '曼秀雷敦Acnes多效抗痘洗面乳 100g', 110.00, 62, 1),
(3, '曼秀雷敦Acnes抗痘洗面乳100g', 101.00, 78, 1),
(4, 'Biore 柔珠深層洗面乳100g', 132.00, 50, 1),
(5, 'NARUKO茶樹粉刺快閃洗卸兩用慕絲150ml', 189.00, 43, 1),
(6, 'Biore 抗痘調理洗面乳100g', 132.00, 67, 1),
(7, '曼秀雷敦極淨抗痘控油洗面乳100g', 87.00, 55, 1),
(8, '曼秀雷敦Acnes抗痘柔珠洗面乳 100g', 110.00, 72, 1),
(9, '曼秀雷敦 抗痘淨涼洗面乳100g', 87.00, 80, 1),
(10, '巴黎萊雅完美淨白淨白潔面露100ML', 132.00, 60, 1),
(11, '可伶可俐潔面泡沫慕斯150ml【抗菌配方】', 140.00, 55, 1),
(12, 'Biore 清透極淨洗面乳100g', 132.00, 90, 1),
(13, 'Biore 溫和水嫩洗面乳100g', 78.00, 47, 1),
(14, '曼秀雷敦微米勁炭洗面乳100g', 87.00, 53, 1),
(15, 'L’EGERE牛奶嫩白氨基酸潔面乳200ml', 122.00, 99, 1),
(16, '曼秀雷敦極淨抗痘控油潔面乳150ml', 114.00, 71, 1),
(17, '曼秀雷敦Acnes抗痘美白洗面乳 100g', 110.00, 64, 1),
(18, '露得清極致呵護系列溫和修護洗顏露200ml', 175.00, 88, 1),
(19, 'Biore 透白勻亮洗面乳100g', 132.00, 76, 1),
(20, '曼秀雷敦冰振活炭潔面乳150ml', 114.00, 61, 1),
(21, '曼秀雷敦 火山泥抗黑頭洗面乳100g', 87.00, 1, 1),
(22, '施巴5.5痘淨潔面慕斯 150ml', 377.00, 12, 1),
(23, '施巴5.5深層淨透潔面露150ml', 263.00, 55, 1),
(24, '曼秀雷敦 保濕活力洗面乳100g', 87.00, 41, 1),
(25, '露得清深層淨化抗黑頭柔珠洗面乳100G【毛孔清潔】', 96.00, 73, 1),
(26, '露得清深層淨化洗面乳100G【溫和潔淨】', 96.00, 38, 1),
(27, '露得清深層淨化抗痘洗面乳100g【水楊酸】', 96.00, 90, 1),
(28, 'Melano CC維他命C酵素深層清潔洗面乳130g', 219.00, 29, 1),
(29, 'Men’s Biore 男性專用黑白柔珠洗面乳100g', 78.00, 65, 1),
(30, '施巴5.5溫和保濕潔面露150ml', 263.00, 88, 1),
(31, '露得清深層淨化保濕洗面乳100g【保濕彈潤】', 96.00, 77, 1),
(32, 'Biore深層卸粧棉補充包46入', 78.00, 44, 2),
(33, 'Biore 深層卸粧乳180ml', 114.00, 90, 2),
(34, 'Biore深層卸粧油230ml', 175.00, 21, 2),
(35, '露得清深層淨化卸妝乳超值組【熱銷回饋組】', 316.00, 63, 2),
(36, 'Biore蜜妮卸粧凝露120g', 96.00, 56, 2),
(37, 'NARUKO茶樹粉刺快閃洗卸兩用慕絲150ml', 189.00, 78, 2),
(38, '蘭韻 化妝棉150片3盒 (獨家設計)', 82.00, 47, 2),
(39, 'Biore深層卸粧棉攜帶包10入', 34.00, 85, 2),
(40, '碧菲絲特 溫和即淨眼唇卸妝液145ml', 175.00, 99, 2),
(41, '巴黎萊雅溫和眼唇卸粧液125ML', 202.00, 63, 2),
(42, 'Za 卸粧蜜(n) 100ml', 70.00, 35, 2),
(43, '妮維雅極淨深層眼部卸妝液125ml', 158.00, 71, 2),
(44, 'Bifesta 碧菲絲特 毛孔即淨卸妝棉(46張入)', 166.00, 87, 2),
(45, '碧菲絲特抗暗沉即淨卸妝水(補充包)360ml', 175.00, 25, 2),
(46, 'Biore頂級深層卸粧棉(水嫩保濕型)補充包44片入', 114.00, 40, 2),
(47, '蜜妮深層卸粧精華露230ml', 202.00, 77, 2),
(48, 'Biore 卸粧兩用洗面乳120ml', 105.00, 69, 2),
(49, '媚比琳輕柔眼唇卸妝液150ml', 147.00, 48, 2),
(50, '蘭韻紙纖化妝棉150片3盒(屈臣氏專用)', 82.00, 60, 2),
(51, '1028 深層極淨眼唇卸妝液 EX2.0', 124.00, 91, 2),
(52, '絲花美顏洗臉巾40抽', 70.00, 72, 2),
(53, '洗顏專科超微米水潤卸妝油n 230ml', 246.00, 34, 2),
(54, '五層可撕型敷面化妝棉80片', 70.00, 88, 2),
(55, '碧菲絲特 毛孔即淨卸妝棉 (10片裝)', 66.00, 46, 2),
(56, '我的心機 玻尿酸深層潔淨卸妝棉(55抽)', 66.00, 55, 2),
(57, '碧菲絲特保濕即淨卸妝水(補充包)360ml', 175.00, 60, 2),
(58, '巴黎萊雅三合一卸妝潔顏水玻尿酸高效溫和型400ml', 439.00, 77, 2),
(59, 'Biore頂級深層卸粧棉(水嫩保濕型)攜帶包10片入', 52.00, 91, 2),
(60, '我的心機 彈力拉伸濕敷化妝棉220入', 52.00, 48, 2),
(61, '蜜妮 Biore高效活性眼唇卸粧液 130ml', 175.00, 38, 2),
(62, '雪芙蘭滋養霜120g', 66.00, 73, 3),
(63, '凡士林經典滋潤護唇膏 4.8g', 52.00, 44, 3),
(64, '凡士林玫瑰潤澤護唇膏 4.8g', 52.00, 33, 3),
(65, '雪芙蘭小蒼蘭滋養霜120g', 87.00, 78, 3),
(66, '妮維雅超能防曬護唇膏SPF50 4.8g', 96.00, 66, 3),
(67, 'OLAY水感透白光曜精華30ml<小白瓶>', 791.00, 55, 3),
(68, '曼秀雷敦頂級濃潤柔霜潤唇膏-清甜柚香', 149.00, 87, 3),
(69, '曼秀雷敦薄荷修護潤唇膏 3.5g', 96.00, 42, 3),
(70, 'OLAY歐蕾 多效防曬日霜 50g(面霜)', 458.00, 59, 3),
(71, '露得清肌緻新生A醇眼霜15g', 615.00, 73, 3),
(72, 'OLAY 新生高效緊緻精華乳100ml', 879.00, 61, 3),
(73, '巴黎萊雅玻尿酸瞬效保濕水光乳霜50ml', 695.00, 33, 3),
(74, '雪芙蘭經典滋潤護唇膏-維他命E5g', 52.00, 90, 3),
(75, 'AHC 3D超效煥活全臉眼霜 30ml', 267.00, 82, 3),
(76, '露得清肌緻新生A醇乳霜50g', 668.00, 44, 3),
(77, '雪芙蘭薏仁濕敷化妝水500ml', 131.00, 99, 3),
(78, '護妍天使毛孔細緻控油精華乳50ml', 237.00, 52, 3),
(79, '巴黎萊雅淨亮白MELA淡斑精華30ml #淨亮小粉瓶', 396.00, 45, 3),
(80, 'SKINTIFIC神經醯胺保濕霜30g', 369.00, 61, 3),
(81, 'OLAY 3步水潤亮白組(精華液30ML+精華液6ML+化妝水50ML+面膜x 1) 兩款包裝隨機出貨', 791.00, 71, 3),
(82, '肌研極潤多效精華水感凝露180ml', 439.00, 50, 3),
(83, 'OLAY 滋潤保濕霜(無添加色素香料)100g (面霜)-新舊包裝隨機出貨', 228.00, 33, 3),
(84, '妮維雅男士全效潤膚霜 75ml', 134.00, 68, 3),
(85, '艾惟諾天然燕麥高效舒緩潤膚霜312g【舒緩乾癢】', 395.00, 58, 3),
(86, '曼秀雷敦水份潤唇膏-無香料 3.5g', 96.00, 77, 3),
(87, 'OLAY歐蕾 滋潤保濕乳液(無添加色素香料) 150ml', 175.00, 49, 3),
(88, 'AHC超能玻尿酸保濕肌亮機能水 100ml', 483.00, 55, 3),
(89, '舒特膚長效潤膚霜 250g', 303.00, 93, 3),
(90, '妮維雅LUMINOUS630淡斑緊緻組', 527.00, 50, 3),
(91, '小蜜媞修護唇膏7.5g', 52.00, 76, 3),
(92, 'OLAY 新生高效緊緻護膚霜 50g (面霜)', 774.00, 61, 3),
(93, '露得清水活保濕凝露環保補充包50g', 263.00, 39, 3),
(94, 'CANMAKE 精緻捲翹睫毛膏 026-01 4G', 340.00, 55, 4),
(95, 'heme 防水持色眉筆 - 可可黑 0.5g', 169.00, 72, 4),
(96, '媚比琳 超激細抗暈眼線液 抗手震版 黑色 0.5ml #小金蓋', 254.00, 64, 4),
(97, 'Solone小海豚安全修眉刀', 39.00, 88, 4),
(98, 'Solone天生激捲翹睫毛夾/EC35', 85.00, 91, 4),
(99, '凱婷 凝色柔滑眼線膠筆N BR-2', 306.00, 33, 4),
(100, 'heme 防水持色眉筆-摩卡棕 0.5g', 169.00, 58, 4),
(101, '凱婷 眉筆Z BR-3 (自然棕) 0.07g', 187.00, 49, 4),
(102, '媚比琳武士道塑型眉筆 灰棕色 0.16g #新武士道 #完美油蠟配方', 173.00, 79, 4),
(103, '媚比琳飛天翹睫毛底膏 6.5ml #原生束感睫毛', 378.00, 41, 4),
(104, '惹我眉筆(咖啡) BR', 68.00, 95, 4),
(105, '媚比琳 飛天翹防水睫毛膏 黑色 (Hello Kitty 聯名款) 8.6ml #NO.1睫毛霸主', 378.00, 50, 4),
(106, 'Za細芯睛彩雙頭眉筆-灰棕色', 160.00, 64, 4),
(107, 'heme 防水持色眉筆 - 炭焙灰 0.5g', 169.00, 87, 4),
(108, '媚比琳超激細抗暈眼線液抗手震版-深邃棕 0.5g #小金蓋', 254.00, 42, 4),
(109, '惹我眉筆(灰) GY', 68.00, 99, 4),
(110, 'Za細芯睛彩雙頭眉筆-煙灰色', 160.00, 33, 4),
(111, '媚比琳武士道塑型眉筆 深棕色 0.16g #新武士道 #完美油蠟配方', 173.00, 78, 4),
(112, '凱婷 凝色柔滑眼線膠筆N BK-1', 306.00, 92, 4),
(113, '凱婷 雙用立體眉彩筆W(銳角扁平芯) BR-3 自然棕 0.5g', 298.00, 47, 4),
(114, 'KISSME花漾美姬一刷睫淨睫毛膏卸除液增量版', 272.00, 65, 4),
(115, 'INTEGRATE 超順手抗暈染眼線膠筆nBR620 (0.13g)', 238.00, 77, 4),
(116, '凱婷 3D造型眉彩餅 EX-5棕色系 2.2g', 280.00, 88, 4),
(117, '媚比琳新一代宛若真眉柔霧塑型眉膠筆 暖茶棕 0.2g #革命性眉粉筆', 250.00, 69, 4),
(118, '1028 精算師持色細眉筆 EX 0.12g (GR03 灰褐色)', 170.00, 41, 4),
(119, 'KISSME花漾美姬 超!持久極細抗暈眼線液筆01黑', 373.00, 99, 4),
(120, 'CANMAKE 淚袋專用盤 581-01 1.4G', 320.00, 76, 4),
(121, '凱婷 進化版持色眼線液筆EX4.0(咒術迴戰聯名款) BK-1_0.5ml', 420.00, 55, 4),
(122, '花漾美姬睫毛精華保養液EX', 339.00, 80, 4),
(123, '媚比琳 超激細抗暈眼線液抗手震版 黑色 (Hello Kitty 聯名款) 0.5g #小金蓋', 254.00, 93, 4),
(124, '1028 飛激細瞬翹防水睫毛膏 黑', 288.00, 48, 4),
(125, '戀愛魔鏡 控制狂防暈眼線液EX (BK999) 0.5mL', 238.00, 100, 4),
(126, '凱婷 護甲除光液 N 230ml', 102.00, 88, 5),
(127, 'KOSE 高絲 溫和指甲油去光水(250ml)', 130.00, 77, 5),
(128, 'INTEGRATE 美一天護甲潤澤去光水 200ml', 139.00, 42, 5),
(129, 'NAILTONE 雙效強韌硬甲油 (10mL) ZH-6', 199.00, 61, 5),
(130, 'COLOUR FANCIER 奶茶裸感指甲油 (核果歐蕾) (12mL) CM-02', 109.00, 33, 5),
(131, 'NAIL CRUSH 指甲油 (蜜玫豆沙) (12mL) S011', 179.00, 95, 5),
(132, 'COLOUR FANCIER 琉璃晶透指甲油 (晶鑽玫瑰) (12mL) CZ-04', 109.00, 74, 5),
(133, 'NAILTONE 速乾雙效指緣油 (8mL) ZC-8', 199.00, 57, 5),
(134, 'NAILTONE 持久引力指甲油 (凡爾賽粉) (10mL)', 169.00, 83, 5),
(135, 'NAILTONE 保濕水漾滋養硬甲油 (8mL)', 99.00, 48, 5),
(136, 'DUCATO溫和無臭攜帶型去光水棉片', 140.00, 52, 5),
(137, 'COLOUR FANCIER 純淨自然指甲油 (起司奶蓋) (12mL) CP-02', 59.00, 90, 5),
(138, 'ARTiS di Voce 香氛保濕去光水-白麝香', 186.00, 44, 5),
(139, '曼思水性可剝指甲油-粉色桃心', 40.00, 99, 5),
(140, 'NAILTONE 潤色飾底護甲油 (果凍粉膚) (10mL)', 149.00, 61, 5),
(141, 'NAILTONE 水亮速乾護甲油 (10mL)', 149.00, 37, 5),
(142, 'Dashing Diva/F 時尚潮流美甲片-蜜糖心跳-30片', 357.00, 23, 5),
(143, 'AJPEACE x ARTiS di Voce 指甲油 AJ02 烤糖之吻-15ml', 90.00, 88, 5),
(144, 'BuCHA x ARTiS di Voce 指甲油 BU02 白日夢', 153.00, 46, 5),
(145, 'COLOUR FANCIER 奶茶裸感指甲油 (草莓牛奶) (12mL) CM-08', 109.00, 74, 5),
(146, 'ARTiS di Voce 彩色指甲油 46 漆光紅銅', 90.00, 55, 5),
(147, '曼思喵喵速乾指彩-喵喵硬甲MC016', 40.00, 95, 5),
(148, 'COLOUR FANCIER 保濕指緣油 (12mL)', 99.00, 82, 5),
(149, 'NAILTONE 保濕牛奶香氛去光水 (60mL)', 179.00, 44, 5),
(150, 'NAILTONE 持久引力指甲油 (勃根地紅) (10mL) N062', 99.00, 77, 5),
(151, '卡翠絲絕色魅影濾鏡指甲油030 10.5ml', 79.00, 61, 5),
(152, 'TIMEPHORIA 星塵唇彩#11 5ml', 399.00, 72, 6),
(153, 'rom&nd X ZONFRIENDS 果汁唇釉2.0 29 時令蜜果 (DIY套組)', 389.00, 33, 6),
(154, 'OPERA渲漾水色唇膏N-19藕粉', 360.00, 61, 6),
(155, 'rom&nd X ZONFRIENDS 果汁唇釉2.0 03 蜜光葡萄 (DIY套組)', 389.00, 44, 6),
(156, 'OPERA渲漾水色唇膏N-10酒棕 3.6g', 360.00, 50, 6),
(157, 'TIMEPHORIA 星塵唇彩#06 5ml', 399.00, 28, 6),
(158, 'TIMEPHORIA 星塵唇彩#09 5ml', 399.00, 93, 6),
(159, 'OPERA渲漾水色唇膏N-15裸橙 3.6g', 360.00, 77, 6),
(160, '媚比琳 泰迪絨霧液態唇泥 15牛奶糖泰迪 5ml #首創液態唇泥 #唇頰兩用', 424.00, 58, 6),
(161, 'rom&nd X ZONFRIENDS 果汁唇釉2.0 36 慵懶荔枝 (DIY套組) 3.5g', 389.00, 65, 6),
(162, '雪芙蘭膠原蛋白豐潤護唇膏-薔薇霧紅2g', 70.00, 91, 6),
(163, 'TIMEPHORIA 星塵唇彩#07 5ml', 399.00, 40, 6),
(164, '凱婷 怪獸級持色唇膏(水光) G03', 319.00, 80, 6),
(165, 'TIMEPHORIA 星塵唇彩#10 5ml', 399.00, 77, 6),
(166, 'TIMEPHORIA 星塵唇彩#002 5ml', 399.00, 60, 6),
(167, '凱婷 怪獸級持色唇膏(水光) G04', 319.00, 55, 6),
(168, '雪芙蘭膠原蛋白豐潤護唇膏-玫瑰嬌紅2g', 70.00, 36, 6),
(169, '媚比琳 泰迪絨液態唇泥 25蜜桃絨泰迪 5ml Teddy Tint #泰迪絨霧唇 #唇頰兩用', 424.00, 47, 6),
(170, 'CEZANNE持久護色潤唇膏 541-01 3.7G', 260.00, 89, 6),
(171, '媚比琳 泰迪絨液態唇泥 60玫瑰茶泰迪 5ml Teddy Tint #首創液態唇泥 #唇頰兩用', 424.00, 72, 6),
(172, '凱婷 怪獸級持色唇膏 03暖陽奶茶 3g', 319.00, 66, 6),
(173, '凱婷 怪獸級持色唇膏 15', 319.00, 34, 6),
(174, 'TIMEPHORIA 星塵唇彩#01 5ml', 399.00, 50, 6),
(175, '凱婷 怪獸級持色唇膏 02甜潤果紅 3g', 319.00, 73, 6),
(176, '凱婷 怪獸級持色水晶唇露 CP03_6g', 329.00, 60, 6),
(177, 'DHC 純欖護唇膏1.5g', 237.00, 62, 6),
(178, 'TIMEPHORIA 星塵唇彩#12 5ml', 399.00, 44, 6),
(179, 'heme 唇線筆-00 Shading Beige 0.6g', 240.00, 30, 6),
(180, 'OPERA渲漾水色唇膏光澤系-301米褐', 399.00, 89, 6),
(181, 'IMMEME我愛啵啵水光唇膏 03白桃烏龍 2.3g', 366.00, 71, 6),
(182, '凱婷 怪獸級持色唇膏 05乾燥無花果 3g', 319.00, 50, 6),
(183, 'TIMEPHORIA 星塵唇彩#001 5ml', 399.00, 58, 6),
(184, '寶拉珍選抗老化清新潤色防曬乳SPF30 60ml', 1003.00, 56, 7),
(185, 'DR.WU全能保濕潤色防曬乳 35ML', 594.00, 87, 7),
(186, 'DR.WU柔焦控油輕透防曬乳 35ML', 594.00, 45, 7),
(187, '貝膚黛瑪超耐曬清爽保濕防曬液SPF50+ PA++++ 40ml', 808.00, 72, 7),
(188, 'DR.WU全能保濕清爽防曬乳 35ML', 594.00, 39, 7),
(189, 'Curel吸油保濕柔焦霜 34G', 439.00, 61, 7),
(190, '舒特膚輕透物理低敏防曬霜SPF50 PA++++ 50ml', 598.00, 80, 7),
(191, 'Dr.Satin魚子保濕水潤防曬凝乳SPF50 (100ml)', 392.00, 94, 7),
(192, 'Curél 全護聚光粧前防曬霜 30G', 351.00, 34, 7),
(193, 'Dr.Satin魚子保濕清透隔離防曬乳 SPF50(粉紫)50ml', 431.00, 53, 7),
(194, 'Dr.Satin 魚子活氧淨化角質凝膠125g', 392.00, 88, 7),
(195, 'AHC 全能防護亮白三效防曬棒14G', 263.00, 66, 7),
(196, 'Curél 潤浸保濕輕透水感防曬乳臉‧身體用 50g', 263.00, 90, 7),
(197, 'Dr.Satin魚子奇蹟柔瑕CC霜30g', 392.00, 50, 7),
(198, 'Dr.Satin魚子保濕清透隔離防曬乳SPF50(膚色) 50ml', 431.00, 37, 7),
(199, 'Curel潤浸保濕屏護力BB霜明亮膚色30ml', 395.00, 48, 7),
(200, 'Curél 煥采遮瑕防曬乳 30ml', 439.00, 73, 7),
(201, '霓淨思水感全效保濕防曬乳50ML', 400.00, 82, 7),
(202, 'DR.WU低敏物理舒緩防曬乳 35ML', 629.00, 61, 7),
(203, '德美醫研 全效清爽維他命E防曬乳SPF50PA+++ /40ml', 581.00, 99, 7),
(204, 'ampmRX10胜肽極效防曬液SPF50+PA+++50ml(海洋友善)', 325.00, 42, 7),
(205, '德美醫研 純物理亮顏潤色防曬乳SPF50+ PA++++40g', 581.00, 55, 7),
(206, '雅漾超能輕感防曬液(無香)SPF50+(50ml)', 677.00, 78, 7),
(207, 'AHC 零死角純物理清爽防曬棒SPF50+ PA++++ 14g', 352.00, 48, 7),
(208, 'Curél潤浸保濕防曬乳SPF50+臉身體用 60ml', 483.00, 85, 7),
(209, '雅漾超能控油清爽防曬液SPF50+50ml)', 563.00, 69, 7),
(210, '霓淨思超貼妝亮顏控油UV隔離乳30ML', 400.00, 64, 7),
(211, '露得清極致呵護系列溫和修護洗顏露200ml', 175.00, 72, 8),
(212, '施巴5.5痘淨潔面慕斯 150ml', 377.00, 61, 8),
(213, '施巴5.5深層淨透潔面露150ml', 263.00, 50, 8),
(214, '貝膚黛瑪舒敏高效潔膚液增量組(舒敏高效潔膚液500ML*3+100ML*2)', 1231.00, 34, 8),
(215, '施巴5.5溫和保濕潔面露150ml', 263.00, 88, 8),
(216, 'CeraVe適樂膚水楊酸煥膚淨嫩潔膚露473ml', 560.00, 45, 8),
(217, 'freeplus 溫和保濕洗顏慕斯_150ml', 307.00, 66, 8),
(218, 'Dr.Satin魚子活氧淨白潔面乳120g', 255.00, 95, 8),
(219, 'Dr.Satin 魚子淨膚潔顏慕斯180ml', 317.00, 77, 8),
(220, 'Curel潤浸保濕舒敏滑嫩100%卸粧奶 200ml', 263.00, 42, 8),
(221, '薇佳 蜜花酸晶拋光洗顏霜1+1超值組', 483.00, 60, 8),
(222, '薇佳  微晶3D全能洗顏霜1+1超值組(VitaBtech升級版) 100g', 483.00, 48, 8),
(223, '貝膚黛瑪舒敏高效潔膚液500ML二入組加贈100ML', 967.00, 55, 8),
(224, '舒特膚全效泡泡潔膚乳 236ml', 418.00, 71, 8),
(225, '貝膚黛瑪舒敏高效潔膚液850ml(限量)', 703.00, 40, 8),
(226, '韓國ShinCOS.Lab醫美級玻尿酸B5保濕卸妝水500ml', 220.00, 88, 8),
(227, '貝膚黛瑪舒敏高效眼唇卸妝液 125ml', 263.00, 65, 8),
(228, '貝膚黛瑪平衡控油潔膚液100ml 2入組', 158.00, 59, 8),
(229, '舒特膚舒新潔面泡泡 200ml', 521.00, 46, 8),
(230, '珂潤潤浸保濕洗顏慕絲150ml', 448.00, 77, 8),
(231, '珂潤潤浸保濕深層卸粧凝露130g', 374.00, 81, 8),
(232, '舒特膚三酸煥膚嫩亮潔膚露236ml', 363.00, 43, 8),
(233, '薇佳 速效抗痘調理潔面乳1+1超值組', 483.00, 55, 8),
(234, '雅漾活泉舒緩卸妝乳200ml', 523.00, 88, 8),
(235, '雅漾活泉綿密潔顏慕斯150ml', 519.00, 60, 8),
(236, '京城之霜頂級全效洗面霜120ml', 351.00, 37, 8),
(237, '霓淨思玻尿酸溫和保濕洗面乳125ML', 220.00, 48, 8),
(238, '舒特膚控油潔膚露 236ml', 366.00, 54, 8),
(239, '寶拉珍選 淨無痘清爽洗面凝膠 177ml', 458.00, 68, 8),
(240, 'DRX-超淨化溫和洗面凝膠200ml', 1078.00, 33, 8),
(241, '雪之上 全效合一水凝霜80g', 998.00, 44, 9),
(242, '潤姬桃子S1精華液 (30ml X 1入瓶裝 10%菸鹼醯胺、積雪草)', 978.00, 59, 9),
(243, '寶拉珍選2%水楊酸精華液118ml', 879.00, 71, 9),
(244, '舒特膚長效潤膚霜 250g', 303.00, 80, 9),
(245, 'DR.WU玻尿酸保濕精華乳50ML', 562.00, 37, 9),
(246, '舒特膚舒新雪潤B5修護精華30ml', 851.00, 49, 9),
(247, 'DR.WU 玻尿酸精華化妝水1+1組', 703.00, 66, 9),
(248, 'AHC超能玻尿酸保濕肌亮機能水30ml', 87.00, 91, 9),
(249, 'AHC 瞬效保濕B5微導玻尿酸精華 30ML', 440.00, 53, 9),
(250, '寶拉珍選2水楊酸身體乳210ml', 879.00, 48, 9),
(251, 'DR.WU杏仁酸亮白煥膚精華18% 15mL', 562.00, 59, 9),
(252, '舒特膚舒新雪潤B5安心霜45ml', 587.00, 75, 9),
(253, '雪之上 金燦 晚安修護水凝霜40g', 1294.00, 34, 9),
(254, '舒特膚長效潤膚乳 118ml', 131.00, 88, 9),
(255, 'DR.WU杏仁酸溫和煥膚精華8% 15mL', 562.00, 61, 9),
(256, '寶拉珍選10果酸身體乳210ml', 879.00, 46, 9),
(257, '寶拉珍選2%水楊酸精華去角質棉片〔10片〕', 484.00, 69, 9),
(258, 'Dr.藝群-植物神經醯胺精華露30ml', 237.00, 87, 9),
(259, 'Curél潤浸保濕乳液輕潤修護超值組120ml+120ml', 791.00, 57, 9),
(260, '寶拉珍選 2%水楊酸身體乳特惠組【2水楊酸身體乳210ml+60ml】', 950.00, 62, 9),
(261, 'AHC大馬士革玫瑰全臉六角修護緊緻眼霜 12ML(2025新)', 131.00, 91, 9),
(262, 'Dr.Satin魚子高水感保濕菁露150ml', 431.00, 53, 9),
(263, 'DR.WU玻尿酸保濕精華化妝水150ML', 528.00, 44, 9),
(264, 'DR.WU玻尿酸保濕精華化妝水(清爽型)150ML', 528.00, 48, 9),
(265, '京城之霜60植萃十全頂級全能乳120ml', 791.00, 70, 9),
(266, 'ampm 10%神經醯胺精華CareBears限定組(屈臣氏獨家) 精華30ml+舒芙蕾18g+熊熊手機吊飾', 703.00, 59, 9),
(267, 'DR.WU超A醇煥顏緊緻精華1.5% 15ML', 527.00, 61, 9),
(268, '霓淨思積雪草B5舒敏修護化妝水150ML', 352.00, 38, 9),
(269, '貝膚黛瑪B3藍繃帶保濕修復精華露200ml', 660.00, 49, 9),
(270, 'ORIGINS青春無敵靈芝光潤機能水200mlx2入(國際航空版)', 1149.00, 64, 10),
(271, 'Estee Lauder雅詩蘭黛特潤超導全方位修護露100mlx2(國際航空版)', 5099.00, 57, 10),
(272, 'IPSA茵芙莎 美膚微整機能液(200ml) 2入組 新版紙盒裝_國際航空版', 1212.00, 49, 10),
(273, 'SKII 青春露230ml (國際航空版)', 3199.00, 78, 10),
(274, 'KIEHLS亞馬遜白泥淨緻毛孔面膜 125ml(國際航空版)', 819.00, 42, 10),
(275, 'ORIGINS 青春無敵靈芝光潤機能水200ml (國際航空版)(靈芝水2.0)', 599.00, 88, 10),
(276, 'Kiehl’s契爾氏 金盞花植物精華潔面泡泡凝露 230ml', 811.00, 37, 10),
(277, 'Estee Lauder 雅詩蘭黛 特潤全能修護亮眼霜15ml (國際航空版)', 1099.00, 90, 10),
(278, 'Kiehl’s契爾氏 金盞花植物精華化妝水 500ml', 1238.00, 52, 10),
(279, 'Kiehl’s契爾氏 冰河醣蛋白保濕霜 125ml', 1311.00, 61, 10),
(280, 'KIEHLS冰河醣蛋白保濕霜 125ml(國際航空版)', 1299.00, 48, 10),
(281, 'LANCOME蘭蔻 超極限肌因賦活露(115ml) 小黑瓶PRO_國際航空版', 3512.00, 66, 10),
(282, 'Estee Lauder雅詩蘭黛 年輕無敵膠原霜 15ml 超值四入組', 1105.00, 44, 10),
(283, 'ESTEE LAUDER 雅詩蘭黛 特潤超導全方位修護露(7ml)X4+年輕無敵膠原霜(15ml)X2-專櫃公司貨', 1199.00, 55, 10),
(284, 'Kiehl’s契爾氏 金盞花植物精華化妝水500ml (2入組)', 2350.00, 78, 10),
(285, 'Estee Lauder 雅詩蘭黛 微分子肌底原生露200ml (國際航空版)', 1449.00, 49, 10),
(286, 'd’Alba黛爾珀 白松露保濕噴霧 100ml #第五代', 469.00, 83, 10),
(287, 'LANEIGE蘭芝 睡美人極萃滋養晚安唇膜 20g  甜莓/蜜柚 隨機', 369.00, 39, 10),
(288, 'LANCOME 蘭蔻 超極限肌因賦活露100ml(國際航空版)x2入', 5979.00, 50, 10),
(289, 'Estee Lauder雅詩蘭黛 年輕無敵膠原霜 15ml(二入組)', 589.00, 61, 10),
(290, 'ESTEE LAUDER 雅詩蘭黛 年輕無敵一夜修護膠原霜(75ml)-專櫃公司貨', 2375.00, 73, 10),
(291, 'ESTEE LAUDER 雅詩蘭黛 年輕無敵膠原霜(75ml)-專櫃公司貨', 2280.00, 40, 10),
(292, 'SK-II 亮采化妝水(30ml)X6-國際航空版', 1199.00, 65, 10),
(293, '品木宣言 青春無敵靈芝光潤機能水200ml 2入 升級版 國際航空版', 1388.00, 58, 10),
(294, 'ESTEE LAUDER 雅詩蘭黛 年輕無敵膠原霜(15ml)X5-專櫃公司貨', 1429.00, 47, 10),
(295, 'LANEIGE蘭芝 超能亮睡美人晚安面膜 70ml (原 睡美人香氛水凝膜)', 479.00, 83, 10),
(296, 'KIEHLS 契爾氏 激光極淨白淡斑精華15ml(2入組) 國際航空版', 1298.00, 66, 10),
(297, 'Elizabeth Arden 21天霜 75ml (三入組)', 1249.00, 54, 10),
(298, 'CLINIQUE 倩碧 水磁場100H活水循環保濕凝膠200ml (國際航空版)', 1439.00, 72, 10),
(299, 'SABON 經典沐浴油 500ml 附壓頭', 720.00, 39, 11),
(300, 'SABON 白茶身體磨砂膏 600g (附木勺_', 849.00, 58, 11),
(301, 'L’OCCITANE歐舒丹 乳油木護手霜(150ml)_國際航空版', 659.00, 48, 11),
(302, 'SABON 以色列綠玫瑰身體磨砂膏 600g 附木勺', 789.00, 41, 11),
(303, '【MOROCCANOIL 摩洛哥優油】摩洛哥優油100ml 公司貨', 888.00, 63, 11),
(304, 'L’OCCITANE歐舒丹 乳油木護手霜 150ml', 689.00, 50, 11),
(305, 'SABON 玫瑰茶語身體磨砂膏(600g)-贈木勺-國際航空版', 748.00, 69, 11),
(306, 'KISSME 奇士美 乾燥養護組', 399.00, 55, 11),
(307, 'SABON 白茶沐浴油(500ml) 附壓頭_國際航空版', 799.00, 44, 11),
(308, 'SABON 茉莉花語沐浴油(500ml)-國際航空版附壓頭', 778.00, 50, 11),
(309, 'L’OCCITANE歐舒丹 乳油木護手霜 30ml', 265.00, 70, 11),
(310, '【MOROCCANOIL 摩洛哥優油】摩洛哥輕優油100ml 公司貨', 888.00, 66, 11),
(311, '【MOROCCANOIL 摩洛哥優油】摩洛哥優油200ml 公司貨', 1499.00, 58, 11),
(312, 'SABON 橙花漫舞沐浴油(500ml) 附壓頭_國際航空版', 770.00, 77, 11),
(313, 'SABON 經典PLV沐浴油(500ml) 附壓頭_國際航空版', 770.00, 63, 11),
(314, 'ARDEN 雅頓 綠茶身體乳(500ml)-國際航空版', 419.00, 69, 11),
(315, 'L’OCCITANE 歐舒丹 純境之光護手霜(30ml)-新版-專櫃公司貨', 379.00, 42, 11),
(316, 'SABON 白茶沐浴油(500ml)附壓頭-國際航空版', 778.00, 57, 11),
(317, 'SABON 白茶絲綢身體乳液(200ml)_國際航空版', 888.00, 48, 11),
(318, 'SABON 玫瑰茶語沐浴油 500ml', 779.00, 64, 11),
(319, 'L’OCCITANE 歐舒丹 乳油木護手霜(150ml)-新版-贈30mlX2-國際航空版', 1199.00, 52, 11),
(320, '【MOROCCANOIL 摩洛哥優油】摩洛哥優油25ml 公司貨', 299.00, 47, 11),
(321, 'KERASTASE 卡詩 黑鑽極萃逆時髮膜(75ml)X2-國際航空版', 999.00, 65, 11),
(322, 'SABON 茉莉花語沐浴油(500ml) 附壓頭_國際航空版', 770.00, 49, 11),
(323, 'L’OCCITANE 歐舒丹 草本淨涼洗髮乳補充包(500ml)-新版-國際航空版', 990.00, 71, 11),
(324, '【MOROCCANOIL】摩洛哥優油200ml+優油MINI組 公司貨', 1589.00, 38, 11),
(325, 'SABON 玫瑰茶語沐浴油(500ml) 附壓頭_國際航空版', 770.00, 57, 11),
(326, 'JO MALONE 牡丹與胭紅麂絨護手霜(50ml)_國際航空版', 888.00, 42, 11),
(327, 'SABON 以色列綠玫瑰沐浴油(500ml) 附壓頭_國際航空版', 799.00, 54, 11),
(328, 'L’OCCITANE 歐舒丹 乳油木護手霜(150ml) 新版-國際航空版', 658.00, 66, 11),
(329, 'SABON 白茶沐浴油 500ml', 779.00, 44, 11),
(330, 'L’OCCITANE 歐舒丹 葡萄櫻花護手霜(30ml)-新版-專櫃公司貨', 379.00, 61, 11),
(331, 'Shu Uemura植村秀 無極限持久定妝噴霧 100ml', 779.00, 55, 12),
(332, 'Shu Uemura植村秀 無極限持久定妝噴霧 100ml 二入組', 1450.00, 67, 12),
(333, 'M.A.C 超持妝輕透濾鏡蜜粉(6.5g)#LAVENDER 絕絕紫-國際航空版', 748.00, 61, 12),
(334, 'NARS 裸光蜜粉餅(0.35oz/10g)#5894 CRYSTAL-贈裸光蜜粉餅(1.8g)-國際航空版', 1259.00, 49, 12),
(335, 'YOSHI 粉嫩系修眉刀/3入', 50.00, 77, 12),
(336, '高絲 雪肌精 水感BB裸妝蜜 SPF50+ PA++++ 30g(01明亮膚色)x2入', 969.00, 62, 12),
(337, 'laura mercier蘿拉蜜思 煥顏透明蜜粉(29g)#透明色-國際航空版', 780.00, 40, 12),
(338, 'Shu Uemura植村秀 無極限超持久輕粉底 35ml #674', 1350.00, 53, 12),
(339, 'DIOR迪奧 豐漾俏唇蜜(2ml) 2入組 #038玫瑰裸_國際航空版', 611.00, 36, 12),
(340, 'Estee Lauder 雅詩蘭黛粉持久天生美肌乖乖乳SPF20 PA++ 15mlx3', 588.00, 71, 12),
(341, 'Shu Uemura植村秀 無極限超持久輕粉底 35ml #664', 1350.00, 43, 12),
(342, '【shu uemura 植村秀】無極限保濕妝前乳 (膚色)10ml 2入組 公司貨 神級全能妝前乳', 345.00, 59, 12),
(343, 'NARS 炫色腮紅 4.8g #777 Orgasm', 811.00, 64, 12),
(344, '【shu uemura 植村秀】無極限持久定妝噴霧 30ml 公司貨', 429.00, 52, 12),
(345, '【ESTEE LAUDER 雅詩蘭黛】粉持久完美持妝粉底 30ml 公司貨(1C0)', 1160.00, 48, 12),
(346, 'NARS 裸光蜜粉餅(1.8g)X2#5894 CRYSTAL-國際航空版', 798.00, 57, 12),
(347, 'YSL 奢華緞面唇膏(3.8g) #N8【短效良品2026/08】_國際航空版', 949.00, 39, 12),
(348, 'LANCOME 蘭蔻 零粉感超持久粉底 SPF48/PA++(30ml)#PO-01 新版-專櫃公司貨', 1745.00, 61, 12),
(349, 'Barry M 腮紅唇彩FFCLT2深玫瑰色', 144.00, 68, 12),
(350, 'NARS 裸光蜜粉餅(0.35oz/10g)#5894 CRYSTAL-國際航空版', 919.00, 52, 12),
(351, 'Snow Beauty 雪花香氛魔法盒粉蕊A 2025  25g', 1080.00, 49, 12),
(352, '【ESTEE LAUDER 雅詩蘭黛】粉持久完美持妝粉底 7ml (1W1) 公司貨', 326.00, 66, 12),
(353, 'NARS 裸光蜜粉(11g)_國際航空版', 1212.00, 43, 12),
(354, '【shu uemura 植村秀】無極限持久定妝噴霧30mlx2 公司貨', 795.00, 50, 12),
(355, 'NARS 裸光蜜粉餅(1.8g)#5894 CRYSTAL-國際航空版', 499.00, 71, 12),
(356, '【ESTEE LAUDER 雅詩蘭黛】粉持久天生美肌乖乖乳5ml 4入組 公司貨(SPF20 PA++)', 459.00, 38, 12),
(357, 'Barry M 腮紅唇彩FFCLT5桃光色', 144.00, 64, 12),
(358, 'Barry M SATIN緞面口紅SLP1粉紅裸色', 150.00, 51, 12),
(359, 'Barry M 腮紅唇彩FFCLT3夏日玫瑰色', 144.00, 48, 12),
(360, 'MAC 超持妝輕透濾鏡蜜粉 6.5g #LAVENDER 絕絕紫', 749.00, 67, 12),
(361, 'KISSME 奇士美 雪黛琳潤澤柔膚粉條01 13ml', 765.00, 73, 12),
(362, '天地合補葡萄糖胺飲60mlx18入', 825.00, 45, 13),
(363, '營養師輕食 台灣01益生菌 30條/包', 1293.00, 30, 13),
(364, '三多金盞花萃取物(含葉黃素)複方軟膠囊100粒', 650.00, 55, 13),
(365, '三得利芝麻明EX膠囊 90顆', 1352.00, 20, 13),
(366, '活沛多鈣鎂加強錠 60粒(新)', 264.00, 60, 13),
(367, '挺立關鍵迷你錠30錠(UC-II)', 835.00, 70, 13),
(368, '活沛多 活力益生菌30包(新升級)', 374.00, 80, 13),
(369, '白蘭氏強化型葉黃素精華凍15g*15入', 782.00, 25, 13),
(370, '天地合補葉黃素功能飲60ml *18入', 809.00, 50, 13),
(371, '白蘭氏五味子芝麻錠濃縮精華配方60錠', 465.00, 90, 13),
(372, '天地合補Advanced金盞花葉黃素濃縮飲15ml*16入', 809.00, 60, 13),
(373, '活沛多游離型葉黃素90粒(家庭號)', 853.00, 40, 13),
(374, '活沛多 莓萃好益菌30包(新升級)(私密呵護益生菌)', 374.00, 30, 13),
(375, '白蘭氏金盞花葉黃素精華凍15GX21條 (每日基礎保養 輕度3C族/學童晶亮首選)-箱購', 774.00, 55, 13),
(376, '三多金盞花葉黃素Plus蝦紅素軟膠囊50粒', 650.00, 40, 13),
(377, '活沛多 85%濃縮魚油軟膠囊禮盒(60粒*3盒)', 1759.00, 20, 13),
(378, 'DHC活力鋅元素(30日份)', 118.00, 90, 13),
(379, '【大研生醫魚油】德國頂級魚油軟膠囊60 粒/瓶', 941.00, 45, 13),
(380, '活沛多游離型葉黃素90+30粒', 1055.00, 35, 13),
(381, 'Move Free 益節 UC-II+ 鈣 關鍵口嚼錠(30錠)', 1099.00, 50, 13),
(382, '白蘭氏黑醋栗+金盞花葉黃素精華飲1入', 43.00, 70, 13),
(383, '活沛多 金盞花葉黃素 120錠', 176.00, 80, 13),
(384, '善存葉黃素20毫克60粒', 703.00, 60, 13),
(385, '活沛多 GL雙效敏益菌30顆(新升級)(舒敏益生菌)', 374.00, 50, 13),
(386, '白蘭氏強化型金盞花葉黃素精華飲 14入', 826.00, 45, 13),
(387, '活沛多 魚油DHA+EPA軟膠囊120粒', 439.00, 40, 13),
(388, '台塑生醫醫之方舒暢益生菌PLUS(30包)', 567.00, 30, 13),
(389, '大研視易適葉黃素-添加蝦紅素.智利酒果.山桑子.亞麻仁油(30粒/盒)', 828.00, 35, 13),
(390, '愛益康金盞花葉黃素複方膠囊90粒', 351.00, 25, 13),
(391, '活沛多 超悅EPA魚油軟膠囊 60粒', 791.00, 55, 13),
(392, '活沛多 膠原蛋白+維他命C口嚼錠 50錠', 87.00, 60, 14),
(393, 'DHC 維他命C+B2(30日份)-60粒', 118.00, 50, 14),
(394, '活沛多 維他命C500口嚼錠 50錠', 87.00, 40, 14),
(395, '人生 愛生C片30+7片 新舊包裝依序出貨', 122.00, 70, 14),
(396, '善存男性綜合維他命120錠', 801.00, 35, 14),
(397, '活沛多 膠原蛋白+維他命C口嚼錠 120錠', 176.00, 50, 14),
(398, 'DHC維他命B群(30日份)-60粒', 118.00, 60, 14),
(399, '愛喜維生素C+鈣口嚼錠60錠', 255.00, 45, 14),
(400, 'DHC活力鋅元素(30日份)', 118.00, 30, 14),
(401, '克補+鋅加強錠-禮盒(60+30錠) 2入組合', 1231.00, 20, 14),
(402, '善存成人綜合維他命錠60錠', 427.00, 40, 14),
(403, '善存女性綜合維他命120錠', 801.00, 55, 14),
(404, '好立善維他命C發泡錠20錠', 140.00, 65, 14),
(405, '克補+鐵加強錠-禮盒(60+30錠) 2入組合', 1231.00, 30, 14),
(406, '銀寶善存女性綜合維他命 120錠', 950.00, 25, 14),
(407, 'DHC維他命D(30日份)', 90.00, 50, 14),
(408, '活沛多綜合維他命 90粒(新)', 607.00, 40, 14),
(409, '台鹽生技-維他命C60錠/瓶', 166.00, 35, 14),
(410, '活沛多 維他命C1000+接骨木莓 20錠(升級版)', 115.00, 60, 14),
(411, '善存成人綜合維他命錠100+30錠', 770.00, 45, 14),
(412, '善存維他命C甜嚼錠30錠', 166.00, 55, 14),
(413, '克補+鋅加強錠60+30錠', 603.00, 50, 14),
(414, '銀寶善存50+男性綜合維他命120錠', 950.00, 40, 14),
(415, '活沛多女性專用綜合B群加鐵 60粒', 334.00, 35, 14),
(416, '銀寶善存50+女性綜合維他命120+65錠', 1398.00, 20, 14),
(417, '活沛多 緩釋型維他命C+B群 90錠', 439.00, 50, 14),
(418, '克補+鐵加強錠30錠', 237.00, 45, 14),
(419, '活沛多 維他命B群90粒', 439.00, 40, 14),
(420, 'DHC持續型維他命B群(30日份)', 150.00, 60, 14),
(421, '愛喜維生素C口嚼錠60錠', 176.00, 55, 14),
(422, '活沛多 綜合維他命咀嚼錠120錠', 176.00, 50, 14),
(423, '桂格無糖養氣人蔘盒裝19瓶', 869.00, 50, 15),
(424, '桂格養氣人蔘60ml*19入', 870.00, 55, 15),
(425, '桂格養氣人蔘 6瓶裝', 281.00, 60, 15),
(426, '桂格養氣人蔘無糖配方60ml*6入', 290.00, 40, 15),
(427, '桂格活靈芝盒裝19瓶', 870.00, 50, 15),
(428, '白蘭氏雙認證雞精12入-箱購', 545.00, 30, 15),
(429, '桂格滴雞精 9包/盒', 824.00, 45, 15),
(430, '桂格養氣人蔘雞精-雙效滋補盒裝18瓶', 677.00, 25, 15),
(431, '桂格蜜人蔘盒裝19瓶', 870.00, 40, 15),
(432, '白蘭氏雙認證雞精70g1入', 43.00, 70, 15),
(433, '桂格 5X人蔘濃縮精華飲盒裝18包', 809.00, 50, 15),
(434, '桂格養氣人蔘禮盒 8瓶裝', 422.00, 30, 15),
(435, '桂格原味水解雞精18入', 677.00, 40, 15),
(436, '桂格雙效活靈芝16入', 809.00, 35, 15),
(437, '白蘭氏雙認證鷄精70g(68毫升)19入/盒', 862.00, 25, 15),
(438, '白蘭氏養蔘飲60ml 18+1入', 791.00, 30, 15),
(439, '白蘭氏旭沛人蔘蜆精60ml 15瓶裝', 668.00, 45, 15),
(440, '白蘭氏 雙認證雞精 6入(70g /入)', 281.00, 60, 15),
(441, '白蘭氏萃鷄精-膠原蛋白菁萃42ml 9入(No.1最好喝滴雞精)', 826.00, 35, 15),
(442, '活沛多 東方八耀療肺草潤喉飲 8入', 263.00, 55, 15),
(443, '享食尚滴雞精10入/45ml', 1172.00, 20, 15),
(444, '活沛多 東方八耀人蔘神氣飲 8入', 263.00, 60, 15),
(445, '老協珍人蔘精14入常溫禮盒', 624.00, 45, 15),
(446, '老協珍人蔘精 麥蘆卡蜂蜜口味(60ml*14入)', 624.00, 40, 15),
(447, '白蘭氏養蔘飲(順口回甘好補氣)60ML7入禮盒', 351.00, 30, 15),
(448, '活沛多 東方八耀人蔘神氣飲60ml', 29.00, 70, 15),
(449, '活沛多 東方八耀黃香草木樨孅水飲 8入', 263.00, 35, 15),
(450, '正官庄活蔘28D滋補液  100ml*10入-箱購', 607.00, 25, 15),
(451, '老協珍人蔘精 無添加糖口味(14入)', 624.00, 40, 15),
(452, '老協珍熬雞精禮盒常溫14入(42ml/入)', 1500.00, 15, 15),
(453, '白蘭氏 法式清湯鷄湯精華飲50mlx9入 (全新上市/ 即開即飲/ 體力/ 專注力)', 472.00, 35, 15),
(454, '娘家常溫滴雞精16入', 2358.00, 20, 15),
(455, '澎澎香浴乳補充包700g-亮澤滋潤型', 87.00, 50, 16),
(456, '香浴乳補充包700g-水漾清爽型', 87.00, 60, 16),
(457, '澎澎香浴乳亮澤滋潤850g', 131.00, 55, 16),
(458, '澎澎香浴乳補充包700ML-倍潤保濕型', 87.00, 40, 16),
(459, '多芬滋養柔膚沐浴露 滋養柔嫩  900G( 2023)', 128.00, 35, 16),
(460, '澎澎香浴乳 水嫩清爽型 850g', 131.00, 45, 16),
(461, 'Biore淨嫩沐浴乳-水采保濕型 浪漫櫻花香 700g', 78.00, 50, 16),
(462, 'Biore淨嫩沐浴乳 浪漫櫻花香 水采保濕型 1000g', 122.00, 60, 16),
(463, 'Biore淨嫩沐浴乳-抗菌清爽型 潔淨綠茶香 700g', 78.00, 40, 16),
(464, '嬌生pH5.5蜂蜜舒緩沐浴乳750ml', 99.00, 50, 16),
(465, '施巴5.5 潔膚露 1000ml', 633.00, 20, 16),
(466, '澎澎Soft 親膚舒緩沐浴乳 600g', 175.00, 35, 16),
(467, '澎澎香浴乳倍潤保濕 850g', 131.00, 40, 16),
(468, 'Biore淨嫩沐浴乳 抗菌清爽型 潔淨綠茶香 1000g', 122.00, 50, 16),
(469, '屈臣氏小蒼蘭淨潤沐浴乳1000ml', 78.00, 60, 16),
(470, 'Biore淨嫩沐浴乳-淨亮保濕型 優雅山茶花香 700g', 78.00, 45, 16),
(471, '嬌生pH5.5溫和沐浴乳 1000ML', 131.00, 50, 16),
(472, 'Biore淨嫩沐浴乳-澄淨緬梔花香 彈嫩清爽型 700g', 78.00, 40, 16),
(473, 'Biore淨嫩沐浴乳 彈嫩清爽型(沖繩緬梔花香)1000ml', 122.00, 55, 16),
(474, '嬌生pH5.5 二合一潤膚沐浴乳1000ML', 131.00, 45, 16),
(475, '屈臣氏玫瑰水嫩沐浴乳1000ml', 78.00, 60, 16),
(476, '屈臣氏薰衣草洋甘菊清香潔手液500ml', 44.00, 70, 16),
(477, 'pH5.5杏仁保濕沐浴乳750ml', 99.00, 55, 16),
(478, 'Biore淨嫩沐浴乳 典雅玫瑰香 絲滑潤澤型 700g', 78.00, 40, 16),
(479, '澎澎香浴乳美白玫瑰香氛型補充包 700g', 87.00, 50, 16),
(480, '澎澎香浴乳-美白玫瑰香氛', 131.00, 45, 16),
(481, 'Biore淨嫩沐浴乳 馥郁紫鳶香 柔嫩潤澤型 1000ML', 122.00, 50, 16),
(482, 'Biore淨嫩沐浴乳 典雅玫瑰香 絲滑潤澤型 1000g', 122.00, 55, 16),
(483, '屈臣氏綠茶抗菌沐浴乳1000ml', 78.00, 60, 16),
(484, 'Biore淨嫩沐浴乳 馥郁紫鳶香 柔嫩潤澤型 700g', 78.00, 40, 16),
(485, '雪芙蘭滋養霜120g', 66.00, 50, 17),
(486, '曼秀雷敦AD高效抗乾草本修復乳液200g', 189.00, 45, 17),
(487, '曼秀雷敦AD高效抗乾修復乳液200g', 272.00, 40, 17),
(488, '凡士林 肌亮水潤精華凝乳 330ml (身體乳液)', 173.00, 55, 17),
(489, '雪芙蘭小蒼蘭滋養霜120g', 87.00, 50, 17),
(490, '妮維雅極致修護護手霜75ml', 114.00, 60, 17),
(491, 'NIVEA 妮維雅水潤Q10身體乳液組(密集修護潤膚身體乳液+美白彈潤乳液)', 135.00, 45, 17),
(492, '妮維雅極潤修護乳液400ml', 210.00, 50, 17),
(493, '凡士林經典高純修護凝膠 100G', 70.00, 60, 17),
(494, '艾翠斯 修護型護手霜100ml', 114.00, 40, 17),
(495, '雪芙蘭SUPER EX超能全效美白激亮精華乳330g', 175.00, 50, 17),
(496, '雪芙蘭高效透亮美白潤膚乳液350g', 158.00, 55, 17),
(497, '凡士林專業修護潤膚露 320ML(身體乳液)', 131.00, 50, 17),
(498, '凡士林深層修護潤膚露 320ML(身體乳液)', 131.00, 60, 17),
(499, '妮維雅亮白極致嫩膚乳液400ml', 210.00, 55, 17),
(500, 'Biore 蜜妮 高防曬乳液 SPF48 (50ml)', 114.00, 50, 17),
(501, '雪芙蘭經典滋養乳液300ml', 140.00, 45, 17),
(502, '艾翠斯潤手護指霜 100ml', 114.00, 50, 17),
(503, '雪芙蘭高效煥白果酸潤膚乳液350g', 158.00, 55, 17),
(504, '妮維雅夜間亮白保濕修護乳液180ml', 160.00, 45, 17),
(505, '凡士林蘆薈舒緩潤膚露 320ML(身體乳液)', 131.00, 50, 17),
(506, '雪芙蘭SUPER EX超能果酸煥膚勻亮精華乳330g', 175.00, 60, 17),
(507, '妮維雅亮白嫩膚身體乳組合包', 248.00, 40, 17),
(508, '妮維雅男士全效潤膚霜 75ml', 134.00, 50, 17),
(509, '艾惟諾天然燕麥高效舒緩潤膚霜312g【舒緩乾癢】', 395.00, 30, 17),
(510, '凡士林經典高純修護凝膠 50G', 52.00, 60, 17),
(511, '妮維雅 絲滑瑩亮潤膚乳液400ml', 187.00, 50, 17),
(512, '舒特膚長效潤膚霜 250g', 303.00, 35, 17),
(513, '妮維雅密集修護潤膚身體乳液400ml', 169.00, 45, 17),
(514, '妮維雅 NIVEA 美體緊膚乳液Q10 plus 400ml', 187.00, 50, 17),
(515, '凡士林經典嬰兒高純修護凝膠368G(13oz)', 175.00, 40, 17),
(516, '凡士林菸鹼醯胺煥亮護手霜-玫瑰木質香 37ML', 87.00, 50, 17),
(517, '黑炫風特強定型霧 500ml', 323.00, 35, 18),
(518, '絲逸歡造型髮雕100ML', 88.00, 50, 18),
(519, '髮妝水(補充瓶)340ml', 110.00, 55, 18),
(520, '沙宣強力定型噴霧300ml', 263.00, 40, 18),
(521, '黑炫風特強定型霧 100ml', 147.00, 50, 18),
(522, '瑪宣妮美容精油捲髮乳75ML', 175.00, 45, 18),
(523, 'Liese Sifone絲逸歡造型泡沫 150ml', 92.00, 50, 18),
(524, '韓國isLeaf清爽控油蓬蓬粉5g', 140.00, 55, 18),
(525, 'Liese Sifone絲逸歡造型定型液150ml', 92.00, 60, 18),
(526, 'Liese Sifone絲逸歡造型定型霧', 92.00, 50, 18),
(527, '施華蔻黑珍珠特強塑型慕絲200ml', 170.00, 40, 18),
(528, '莉婕3D立體蓬捲慕絲150g', 194.00, 45, 18),
(529, 'Liese Sifone絲逸歡髮妝水水潤保濕200ML', 110.00, 50, 18),
(530, '美國神奇施魔梳巧妝梳 -躲貓貓', 149.00, 35, 18),
(531, 'UNO 強硬作風定型膠180g', 149.00, 40, 18),
(532, '樂絲朵-L保濕整髮造型乳150g', 122.00, 50, 18),
(533, 'Batiste秀髮乾洗噴劑-經典清新200ml(新舊包裝隨機出貨)', 175.00, 60, 18),
(534, 'UNO 絕對上進凝土 80g', 175.00, 50, 18),
(535, 'Liese Sifone 自然塑型髮蠟60g', 131.00, 45, 18),
(536, 'Drs Formula510立正站好豐盈髮根立體水升級版250ml-箱購', 242.00, 30, 18),
(537, '沙宣 VS FIRM N FLEX 隨性定型噴霧 200ml', 219.00, 50, 18),
(538, '英國Batiste芭緹絲乾洗髮-豐盈蓬鬆200ml(新舊包裝隨機出貨)', 210.00, 40, 18),
(539, '美國神奇施魔梳梳妝梳-胖橘', 175.00, 50, 18),
(540, '妝漾 3D彈力順髮梳', 131.00, 45, 18),
(541, 'GATSBY造型髮雕霜強黏性200G', 132.00, 50, 18),
(542, '必喜麗長效保濕髮雕強黏225G', 105.00, 55, 18),
(543, 'DREAMTREND凱夢K髮泥PLUS 80g', 510.00, 20, 18),
(544, 'GATSBY 塑定噴霧(激鎖系) 270ml', 220.00, 45, 18),
(545, '樂絲朵-L立體持捲雙效乳200ml', 87.00, 50, 18),
(546, '美國NU WAY施魔梳梳妝梳 不挑色隨機出貨', 175.00, 40, 18),
(547, '韓國GRAFEN海洋清香持久髮凍100g', 263.00, 35, 18),
(548, '樂絲朵-L強力定型噴霧200G', 166.00, 50, 18),
(549, '靠得住草本抑菌23cm 14片3包', 117.00, 50, 19),
(550, '蘇菲超熟睡35cm 棉柔 8片 3包', 122.00, 60, 19),
(551, '蘇菲彈力貼身超熟睡10片42cm', 114.00, 45, 19),
(552, '靠得住草本抑菌28cm 12片3包', 117.00, 30, 19),
(553, '靠得住草本抑菌35cm 8片3包', 117.00, 55, 19),
(554, '蘇菲 彈力貼身日用量少潔翼 17.5cm 16片3包', 157.00, 40, 19),
(555, '康乃馨透氣超薄護墊無香40片4包', 87.00, 70, 19),
(556, '蘇菲 棉條量多加強型 25入裝', 264.00, 35, 19),
(557, '蘇菲超熟睡超薄細緻棉柔28cm 14片3包', 122.00, 60, 19),
(558, '靠得住抑菌好眠褲XL號2片 (新舊包裝隨機出貨)', 59.00, 80, 19),
(559, '蘇菲彈力貼身瞬吸加長護墊無香17.5cm 28片2包', 70.00, 55, 19),
(560, '蘇菲超熟睡細緻棉柔41.5cm 4片2包', 70.00, 45, 19),
(561, '靠得住抑菌好眠褲L號2片 (新舊包裝隨機出貨)', 59.00, 60, 19),
(562, '康乃馨透氣超薄護墊微香40片4包【屈臣氏】', 87.00, 50, 19),
(563, '蘇菲超熟睡超薄細緻棉柔35cm8片2包', 70.00, 40, 19),
(564, '蘇菲 彈力貼身量少潔翼衛生棉17.5cm 16片', 26.00, 90, 19),
(565, '靠得住草本瞬吸護墊加長型17.5cm 24片2包', 64.00, 35, 19),
(566, '好自在 經典款 液體衛生棉 34cm 10片', 74.00, 50, 19),
(567, '康乃馨超薄蝶型衛生棉-一般20片2包', 61.00, 60, 19),
(568, '蘇菲超熟睡夜用細緻棉柔35公分8片2包', 70.00, 45, 19),
(569, '靠得住草本抑菌少流量19cm 13片', 31.00, 70, 19),
(570, '蘇菲立體柔貼防漏23cm 10片4包', 105.00, 50, 19),
(571, '蘇菲 超輕柔超薄護墊(無香)14cm 40片3包', 79.00, 40, 19),
(572, '好自在 經典款 液體衛生棉 27cm  10片', 100.00, 45, 19),
(573, '蕾妮亞零觸感特薄量多日用加長25cm8片3包換購組(25)', 78.00, 35, 19),
(574, '靠得住 超薄潔淨護墊(無香) 23片 6包入', 100.00, 55, 19),
(575, '蘇菲瞬吸加長17.5cm 護墊花香28片*2包', 70.00, 50, 19),
(576, '康乃馨超薄衛生棉-量多16片2包', 61.00, 60, 19),
(577, '屈臣氏X蒲公英 不砍樹環保抽取式衛生紙100抽10包入', 99.00, 55, 20),
(578, '立得清酒精擦濕巾90抽', 83.00, 60, 20),
(579, 'DOUBLE CARE加護抗菌潔膚巾20片', 20.00, 50, 20),
(580, '好奇嬰兒潔淨濕巾迪士尼厚型80抽(附蓋)', 52.00, 45, 20),
(581, '貝恩嬰兒保養柔濕巾80抽x3包', 166.00, 30, 20),
(582, '舒潔袖珍包面紙10抽30包', 50.00, 70, 20),
(583, '【enhance 依涵絲】珍珠紋掛抽式洗臉巾120抽加厚版', 87.00, 35, 20),
(584, '歐芮坦細柔抽取式衛生紙100抽10包入-7串/箱-箱購', 550.00, 20, 20),
(585, '屈臣氏抗菌潔淨柔濕巾20片(藍圓點)', 13.00, 50, 20),
(586, '屈臣氏潔膚柔濕巾9入(呆萌町聯名版)', 69.00, 40, 20),
(587, '屈臣氏純水無香濕紙巾80抽-黃(DINOTAENG)', 30.00, 50, 20),
(588, '屈臣氏迷你紙手帕3層10抽10包(柴犬工房)', 26.00, 35, 20),
(589, '舒潔紙手帕10抽15包 (包裝隨機出貨)', 50.00, 60, 20),
(590, '屈臣氏純水無香濕紙巾80抽-含蓋 藍(兔子便利商店)', 30.00, 50, 20),
(591, '【enhance 依涵絲】珍珠紋加厚版 乾濕兩用洗臉巾(70抽)', 49.00, 40, 20),
(592, '屈臣氏純水無香濕紙巾80抽-藍(DINOTAENG)', 30.00, 50, 20),
(593, '舒潔濕式衛生紙10抽x3包', 39.00, 60, 20),
(594, '屈臣氏抽取式衛生紙110抽10包入', 100.00, 55, 20),
(595, '立得清酒精擦濕巾10抽3入', 43.00, 40, 20),
(596, '立得清 酒精擦濕巾35抽2包', 87.00, 50, 20),
(597, '屈臣氏袖珍面紙10抽28入(DINOTAENG)', 49.00, 60, 20),
(598, '櫻桃小丸子純水潔淨柔濕紙巾(有蓋)80抽', 43.00, 50, 20),
(599, '屈臣氏手口專用嬰兒柔濕巾20片6包', 66.00, 45, 20),
(600, '舒潔雲絨舒適抽取衛生紙90抽8包(迪士尼季節限定款) (新舊包裝隨機出貨)', 99.00, 35, 20),
(601, '屈臣氏抽取式衛生紙110抽x24包x3串-箱購', 749.00, 20, 20),
(602, '舒潔濕式衛生紙40抽3包', 130.00, 45, 20),
(603, '屈臣氏潔膚柔濕巾10抽9入(兔子便利商店)', 69.00, 50, 20),
(604, '屈臣氏手口專用嬰兒柔濕巾20片', 13.00, 60, 20),
(605, '舒潔女性專用濕式衛生紙14抽2包', 50.00, 40, 20),
(606, '快潔適袖珍包面紙10抽18包-PINGU企鵝家族', 30.00, 45, 20),
(607, '好奇純水嬰兒濕巾加厚型 70抽_季節性包裝', 40.00, 50, 20),
(608, '屈臣氏純水無香濕紙巾80抽-含蓋 粉(兔子便利商店)', 30.00, 55, 20),
(609, '歐芮坦小蘇打洗衣皂精補充包(晨曦花香)1200g', 52.00, 50, 21),
(610, '歐芮坦小蘇打洗衣皂精補充包(薔薇香氛)1200g', 52.00, 55, 21),
(611, '歐芮坦小蘇打洗衣皂精1500g', 78.00, 45, 21),
(612, '克潮靈集水袋除濕盒補充包400ML 3包入', 52.00, 60, 21),
(613, '歐芮坦小蘇打洗衣皂精(薔薇香氛)1500g', 78.00, 50, 21),
(614, '泡舒洗潔精綠茶去油除腥1000g', 84.00, 40, 21),
(615, '白鴿手洗精1000g', 96.00, 35, 21),
(616, '歐芮坦小蘇打洗衣皂精(小蒼蘭香氛)1500g (新)', 78.00, 45, 21),
(617, '屈臣氏 75清潔酒精 500ml', 70.00, 50, 21),
(618, '歐芮坦小蘇打洗衣皂精(薰衣草香氛)1500g (新)', 78.00, 40, 21),
(619, '歐芮坦強效抗菌洗衣精(補充包)1800ml', 52.00, 60, 21),
(620, '白蘭漂白水1.5L', 52.00, 55, 21),
(621, '白鴿尤加利防螨抗菌洗衣精 3500G', 184.00, 35, 21),
(622, '風倍清織物除菌消臭噴霧補充包320ml(高效除菌)', 85.00, 50, 21),
(623, '克潮靈環保補充包600MLX3', 52.00, 60, 21),
(624, '新奇漂白水瓶裝1500ML', 57.00, 55, 21),
(625, 'ATTACK 一匙靈抗菌EX強力消臭洗衣精補充包1.5kg', 78.00, 45, 21),
(626, '白鴿香蜂草防霉抗菌洗衣精3500G', 184.00, 35, 21),
(627, '浴廁除霉漂潔-更替瓶400ML', 78.00, 50, 21),
(628, '熊寶貝沁藍海洋香柔軟護衣精補充包 1.84L', 65.00, 55, 21),
(629, '風倍清織物除菌消臭噴霧補充包320ml(綠茶清香)', 85.00, 40, 21),
(630, '熊寶貝竹萃淨味 除臭清新噴霧 100ml', 43.00, 60, 21),
(631, '克潮靈環保除濕桶補充包-去霉味 350g*3入 (吸濕量660ml*3入)', 61.00, 50, 21),
(632, '一匙靈制菌洗衣精1.9kg補充包', 78.00, 55, 21),
(633, 'Miine 滾筒膠黏紙補充包3入', 70.00, 60, 21),
(634, '屈臣氏玫瑰紫蘭花清香潔手液500ml', 44.00, 50, 21),
(635, '茶樹抗菌濕拖巾 12張', 43.00, 40, 21),
(636, '風倍清浴廁用抗菌消臭防臭劑 (清爽皂香) 6ML', 131.00, 45, 21),
(637, '嬌生pH5.5蜂蜜舒緩沐浴乳750ml', 99.00, 50, 22),
(638, 'MEN’s Biore排汗爽身淨味劑滾珠55ml-清新柑橘', 175.00, 40, 22),
(639, '嬌生pH5.5溫和沐浴乳 1000ML', 131.00, 55, 22),
(640, '嬌生pH5.5 二合一潤膚沐浴乳1000ML', 131.00, 60, 22),
(641, 'MEN’S Biore 男性專用麝香清新沐浴乳 750ml', 122.00, 45, 22),
(642, 'pH5.5杏仁保濕沐浴乳750ml', 99.00, 50, 22),
(643, '澎澎MAN 香浴乳補充包-元氣炭700g', 87.00, 55, 22),
(644, '澎澎MAN麝香瑪卡沐浴乳850g', 131.00, 50, 22),
(645, '澎澎 MAN元氣炭沐浴乳 850g', 131.00, 45, 22),
(646, 'MEN’S Biore 男性專用茶樹清爽沐浴乳 750ml', 122.00, 50, 22),
(647, '艾惟諾燕麥高效舒緩沐浴露532ml', 300.00, 35, 22),
(648, '澎澎MAN拋光瑪卡沐浴乳700g (溫暖沉穩木質香)', 87.00, 55, 22),
(649, 'MENs Bioré ONE髮顏體全效潔淨露抗菌青檸香480ml', 175.00, 40, 22),
(650, '澎澎MAN香浴乳補充包-茶樹精華700g', 87.00, 50, 22),
(651, '妮維雅 NIVEA 男士止汗爽身乳液 無印乾爽系列50ml', 125.00, 60, 22),
(652, '妮維雅 NIVEA 男士止汗爽身噴霧 無印乾爽系列150ml', 125.00, 55, 22),
(653, '曼秀雷敦海洋清爽沐浴乳 650ml', 128.00, 45, 22),
(654, 'MEN’s Biore去味體香沐浴乳750g', 140.00, 50, 22),
(655, '妮維雅男士止汗爽身乳液 深極炭系列-清新魅力50ml', 143.00, 60, 22),
(656, '妮維雅男士積雪草B5原力修護精華乳 50g', 424.00, 40, 22),
(657, '妮維雅男士止汗爽身噴霧 深極炭系列-清新魅力150ml', 143.00, 55, 22),
(658, 'ULOS 機能淨味沐浴乳-500ml', 163.00, 50, 22),
(659, '艾惟諾燕麥沐浴露532ml', 300.00, 35, 22),
(660, '綠的水感抗菌沐浴露-茶樹1000ML', 175.00, 50, 22),
(661, 'GATSBY魔法激凍體用噴霧170ml(無香)', 122.00, 45, 22),
(662, '曼秀雷敦草本制菌沐浴乳 650ml', 128.00, 50, 22),
(663, '屈臣氏全效潔顏洗髮沐浴乳(清新海洋香)1000nml', 105.00, 55, 22),
(664, '妮維雅男士清新淨爽沐浴露500ml', 116.00, 60, 22),
(665, '詩波蜜柔沐浴乳NE(C)柑橘香清爽型N 650ml', 140.00, 45, 22),
(666, 'Dr.s Formula岩礦清爽肌沐浴乳800g', 202.00, 50, 22),
(667, '巴黎萊雅專業男仕8效勁能保濕乳液50ml', 439.00, 40, 23),
(668, '澎澎MAN胺基酸洗面乳元氣炭', 70.00, 55, 23),
(669, '曼秀雷敦 抗痘淨涼洗面乳100g', 87.00, 50, 23),
(670, '蜜妮 Biore妙鼻貼10片入(黑色) 男用', 78.00, 60, 23),
(671, '曼秀雷敦微米勁炭洗面乳100g', 87.00, 50, 23),
(672, '曼秀雷敦冰振活炭潔面乳150ml', 114.00, 55, 23),
(673, '曼秀雷敦 火山泥抗黑頭洗面乳100g', 87.00, 50, 23),
(674, '妮維雅男士深極炭極淨保濕刮鬍泡200ml', 107.00, 45, 23),
(675, '妮維雅男士全效潤膚霜 75ml', 134.00, 50, 23),
(676, '曼秀雷敦 保濕活力洗面乳100g', 87.00, 55, 23),
(677, '澎澎MAN胺基酸洗面乳拋光瑪卡100g', 70.00, 60, 23),
(678, '舒適牌 Shave Guard 刮鬍泡(敏感) 200g', 96.00, 50, 23),
(679, 'Men’s Biore 男性專用黑白柔珠洗面乳100g', 78.00, 55, 23),
(680, 'Gillette 吉列經典柔順刮鬍泡(剃鬚膏)-清新檸檬味333g', 87.00, 50, 23),
(681, '蜜妮妙鼻貼-男用 (10片入)', 78.00, 60, 23),
(682, '妮維雅 NIVEA 男士全效控油洗面潔面泥 150g', 125.00, 50, 23),
(683, 'Gillette 吉列經典柔順刮鬍泡(剃鬚膏)-敏感肌適用333g', 87.00, 45, 23),
(684, '妮維雅極淨酷涼刮鬍泡200ml', 107.00, 50, 23),
(685, 'NIVEA 妮維雅 男士水活保濕精華凝露150ml', 275.00, 35, 23),
(686, '妮維雅男士深極炭抗痘控油潔面泥 150g', 134.00, 50, 23),
(687, '妮維雅男士極淨刮鬍泡200ml', 107.00, 50, 23),
(688, '妮維雅男士積雪草B5原力修護潔面洗面乳 150ml', 187.00, 45, 23),
(689, '專科超微米透亮潔顏乳 100g', 110.00, 50, 23),
(690, '保濕活力潔面乳150ml', 114.00, 50, 23),
(691, 'UNO新炭洗顏130g', 105.00, 55, 23),
(692, 'Gillette吉列服貼滑順輕便刀 6入裝', 78.00, 50, 23),
(693, '舒適 高級防滑輕便刀 6支裝', 70.00, 60, 23),
(694, '妮維雅男性活力保濕乳液75ml', 195.00, 50, 23),
(695, 'UNO新淨洗顏130g', 105.00, 50, 23),
(696, 'Men’s Biore 男性專用深層柔珠洗面乳100g', 101.00, 55, 23),
(697, 'Men’s Biore 男性專用沁涼淨油洗面乳100g', 101.00, 50, 23),
(698, '妮維雅男士玻尿酸10效維他命潔面乳150g', 134.00, 50, 23),
(699, '活沛多 神槍手馬卡膠囊120粒', 308.00, 50, 24),
(700, '台糖蜆精手提禮盒組  62毫升x12瓶', 541.00, 35, 24),
(701, '台糖  蜆精  6瓶裝', 272.00, 60, 24),
(702, '活沛多男性專用綜合B群加鋅 60粒', 334.00, 50, 24),
(703, '活沛多 倍法萌膠囊60顆', 533.00, 45, 24),
(704, '優倍多活力B群軟膠囊90粒', 703.00, 40, 24),
(705, '活沛多 戰神馬卡粉 22包', 533.00, 50, 24),
(706, '台糖 蠔蜆錠(+鋅) 60粒', 660.00, 55, 24),
(707, '活沛多 緩釋型維他命C+B群 30錠', 175.00, 50, 24),
(708, '活沛多 維他命B群發泡錠20錠', 114.00, 60, 24),
(709, 'funcare 船井6x活力瑪卡王100入', 827.00, 45, 24),
(710, '活沛多 薑黃蠔蜆 60錠', 527.00, 50, 24),
(711, '大研精氣神瑪卡粉包 7.4g-22入', 828.00, 40, 24),
(712, '【信東】南瓜籽油軟膠囊(120顆/盒)', 911.00, 55, 24),
(713, '優倍多男性綜合維他命魚油配方 60粒', 351.00, 50, 24),
(714, 'Jamieson健美生 鋅錠22.5mg(100錠)', 533.00, 45, 24),
(715, '優倍多元氣B群軟膠囊120粒', 703.00, 50, 24),
(716, '日本味王瑪卡伍玖玖膠囊60粒/盒', 351.00, 40, 24),
(717, '活沛多 提神馬卡啵啵口含錠60錠', 175.00, 50, 24),
(718, '活沛多 速攻精華飲-元氣好甘15入', 528.00, 35, 24),
(719, '優倍多升級版南瓜子油軟膠囊 50粒', 659.00, 50, 24),
(720, '信東 倍比B群牛磺酸雙層錠B12升級 60粒【屈臣氏】', 356.00, 45, 24),
(721, '優倍多A+男性強健複方軟膠囊 60粒', 527.00, 50, 24),
(722, '義美生醫 漩過溪瑪卡膠囊(120粒/盒)', 791.00, 40, 24),
(723, 'Sundown日落恩賜 難分難捨組-(精胺酸90粒+四倍瑪卡120粒)', 1527.00, 30, 24),
(724, '得意人生 盛悅力樂補鋅錠 (60粒)', 242.00, 50, 24),
(725, '優倍多元氣B群軟膠囊 50粒', 395.00, 55, 24),
(726, '康生-疾速搖搖-計數負重跳繩 粉', 499.00, 50, 25),
(727, '【Concern 康生】馬甲雙輪-多功能健腹輪拉力繩組CON-FE603', 799.00, 40, 25),
(728, '【Concern 康生】橡木實木多功能養生拉筋板CON-FE720', 1980.00, 35, 25),
(729, 'Wonder Core 2 全能塑體健身機強化升級版星霧灰', 3680.00, 20, 25),
(730, 'Wonder Core Pro Max 真腰瘦機', 4980.00, 15, 25),
(731, 'Wonder Core Smart 全能輕巧健身機(星霧灰)', 2480.00, 25, 25),
(732, 'Wonder Core FitSpec 身體組成分析儀', 4100.00, 20, 25),
(733, 'Adidas Yoga 輕量波紋瑜珈墊 - 8mm(草原綠)', 1380.00, 35, 25),
(734, 'Adidas-可調式負重護腕/護踝-0.5kg', 1280.00, 40, 25),
(735, 'Adidas-六角健身啞鈴(2kg)', 1080.00, 45, 25),
(736, 'Adidas-健身鑄鐵壺鈴(4Kg/9LB)', 1580.00, 25, 25),
(737, 'Adidas-健身鑄鐵壺鈴(8Kg/18LB)', 2480.00, 20, 25),
(738, 'Adidas-中階健身拉力繩', 790.00, 50, 25),
(739, 'Adidas-高階健身拉力繩', 890.00, 40, 25),
(740, 'Adidas-六角健身啞鈴(1kg)', 580.00, 60, 25),
(741, 'Adidas-六角健身啞鈴(3KG)', 1480.00, 35, 25),
(742, 'Adidas-初階健身拉力繩', 690.00, 50, 25),
(743, 'Adidas-可調式負重護腕/護踝-1kg', 1380.00, 35, 25),
(744, 'decopop SPACE+垂直律動機(櫻花粉) 買就送捕蚊燈', 36800.00, 5, 25),
(745, 'Adidas-多功能間歇訓練階梯踏板', 14800.00, 10, 25),
(746, '【Concern 康生】康生電動健走機CON-FE568', 8800.00, 15, 25),
(747, 'Flex Cycle 極限翻轉健身車 (極地白)', 12800.00, 10, 25),
(748, 'Flex Cycle 極限翻轉健身車 (夜幕藍)', 12800.00, 10, 25),
(749, 'TANITA 九合一體組成計BC-730GR(綠)', 2380.00, 20, 25),
(750, 'Sway N Fit搖擺健腹椅(腰瘦機)附拉力繩', 2980.00, 25, 25),
(751, '康生-火繩爆汗-智慧負重跳繩 CON-FE611', 799.00, 40, 25),
(752, '康生-疾速搖搖-計數負重跳繩 藍', 499.00, 50, 25),
(753, '美舒律 蒸氣溫熱貼 身體疲憊新對策 4片裝', 132.00, 50, 26),
(754, '白花油甦醒凝露15ml-甜心萊姆', 149.00, 45, 26),
(755, '美舒律 蒸氣溫熱貼 女性熱敷好幫手5片裝', 132.00, 50, 26),
(756, '正光醫條根滾珠精油凝膠(涼感)', 132.00, 50, 26),
(757, 'Comefree冰熱兩用敷袋 6吋(小) 顏色隨機出貨', 175.00, 40, 26),
(758, 'FUGU BEAUTY真絲熱敷眼罩-藍', 439.00, 30, 26),
(759, 'AP磁王MAX2000磁力貼(12粒)', 158.00, 55, 26),
(760, 'Comefree冰熱兩用敷袋 9吋(中)', 210.00, 45, 26),
(761, 'Ms.elec 米嬉樂 絲柔溫熱美容眼罩-極光黑 真絲材質 定時溫控 熱敷眼罩 溫熱眼罩', 780.00, 30, 26),
(762, 'Comefree 肌筋膜按摩舒緩滾筒(強)', 660.00, 25, 26),
(763, '健之堂石墨烯足浴袋(可折疊便攜)', 1280.00, 20, 26),
(764, '麗臺眼科用眼罩 奈米舒壓帶-簡約綠 贈書:神奇遠紅外線提升健康力', 1742.00, 15, 26),
(765, '【CY 呈云】熱敷震動按摩彈力鬆緊護腰帶(充電式款)', 1680.00, 20, 26),
(766, 'Comefree定時溫控熱敷眼罩-萌犬', 799.00, 25, 26),
(767, '輝葉 小雲朵美體按摩儀 HY-336', 1780.00, 20, 26),
(768, '輝葉 6 PLUS溫感足底按摩器HY-758', 7980.00, 10, 26),
(769, '西歐科技多功能按摩筋膜槍CME-HL1300贈飛利浦藍牙耳機TAT1199', 1490.00, 25, 26),
(770, '西歐科技 頭皮霧化護髮養髮電動噴霧按摩梳 CME-CD01', 918.00, 30, 26),
(771, '西歐科技 智能按摩美腿儀 CME-CD05', 1118.00, 20, 26),
(772, '西歐科技 膝部電動按摩儀 CME-6910', 2099.00, 15, 26),
(773, '輝葉 miniV 3 heat溫感按摩槍HY-10508(絕美粉)', 4990.00, 10, 26),
(774, '輝葉 miniV 3 heat溫感按摩槍HY-10508(俐落灰)', 4990.00, 10, 26),
(775, '輝葉 大力抓PLUS肩頸按摩器 HY-822', 5280.00, 15, 26),
(776, '輝葉 雙核心四手深捏按摩墊HY-656', 6980.00, 10, 26),
(777, '飛利浦 Philips 眼部按摩器PPM3101', 3890.00, 15, 26),
(778, 'Comefree全方位陶瓷體雕板', 390.00, 50, 26),
(779, '輝葉 AnyMasaG按你馬殺機(無線肩頸按摩器) HY-828(灰)', 4980.00, 15, 26),
(780, '輝葉 AnyMasaG按你馬殺機(無線肩頸按摩器) HY-828(粉)', 4980.00, 15, 26),
(781, 'BLAUPUNKT BPB-M10TU智能乾濕舒壓頭部按摩器 石英粉', 1490.00, 20, 26),
(782, 'BLAUPUNKT BPB-M20HU智慧手部按摩器 燕麥奶', 2990.00, 15, 26),
(783, 'BLAUPUNKT BPB-M18EU智能冷熱眼部按摩器 雲霧藍', 3490.00, 10, 26),
(784, 'BLAUPUNKTBPB-M18EU智能冷熱眼部按摩器  伯爵奶茶', 3490.00, 10, 26),
(785, '萬特力肢體護具-膝部M', 462.00, 50, 27),
(786, 'Comefree瑜珈抗力球65cm(松石綠/霧灰紫 隨機出貨)', 699.00, 40, 27),
(787, '萬特力肢體護具-高透氣型-膝部M', 462.00, 50, 27),
(788, '撒隆巴斯肢體護具(未滅菌)膝蓋用-LL', 669.00, 35, 27),
(789, '萬特力肢體護具-手腕M', 462.00, 50, 27),
(790, '屈臣氏除臭鞋墊一對入(2024)', 70.00, 60, 27),
(791, '萬特力肢體護具-高透氣型-足踝M', 462.00, 50, 27),
(792, '萬特力肢體護具-高透氣型-膝部L', 462.00, 50, 27),
(793, '撒隆巴斯肢體護具(未滅菌)膝蓋用-L', 669.00, 35, 27),
(794, '萬特力腰部護具-LL', 1571.00, 20, 27),
(795, 'Comefree 肌筋膜按摩舒緩滾筒(強)', 660.00, 25, 27),
(796, 'Persephone波瑟楓妮-石墨烯腰夾XL/2XL', 1980.00, 20, 27),
(797, '撒隆巴斯肢體護具(未滅菌)腳踝用-M', 510.00, 50, 27),
(798, 'Wonder Core 環保輕巧運動墊+束帶', 490.00, 50, 27),
(799, '萬特力肢體護具-足踝M', 462.00, 50, 27),
(800, '【恩悠數位】NU 鈦鍺能量 腱鞘炎(媽媽手)專用護腕', 1480.00, 20, 27),
(801, '【恩悠數位】NU 鈦鍺能量護手套', 980.00, 25, 27),
(802, 'Wonder Core Hurricup Aero輕量龍捲旋風杯(奶茶色)', 880.00, 40, 27),
(803, 'Comefree平衡線瑜珈彈力墊 (丹青藍/沙漠粉 隨機出貨)', 499.00, 50, 27),
(804, 'Comefree雙色瑜珈彈力墊 芥黃/草綠', 699.00, 40, 27),
(805, '撒隆巴斯腰部護具(未滅菌)-3L', 1734.00, 15, 27),
(806, 'Adidas 輕量波紋瑜珈墊-8mm(太空灰)', 1380.00, 35, 27),
(807, 'Adidas-防滑透氣瑜珈襪-黑 (24-26cm)', 580.00, 50, 27),
(808, 'Adidas 輕量波紋瑜珈墊-8mm(櫻花粉)', 1380.00, 35, 27),
(809, '撒隆巴斯肢體護具(未滅菌)膝蓋用-3L', 669.00, 35, 27),
(810, '撒隆巴斯肢體護具(未滅菌)腳踝用-LL', 510.00, 50, 27),
(811, 'Adidas-腕關節用高性能護套(M)', 490.00, 50, 27),
(812, 'Adidas-防滑透氣瑜珈襪-黑 (20-23cm)', 580.00, 50, 27),
(813, 'Adidas 腕關節用高性能護套(S)', 490.00, 50, 27),
(814, 'Adidas-腕關節用高性能護套(L)', 490.00, 50, 27),
(815, 'Adidas-輕量彈性瑜珈墊-7mm(抹茶綠)', 1480.00, 35, 27),
(816, 'Adidas - 編織瑜珈伸展帶(胭脂紅)', 580.00, 50, 27);

-- --------------------------------------------------------

--
-- 資料表結構 `reset_token`
--

CREATE TABLE `reset_token` (
  `token_id` bigint(20) NOT NULL,
  `customer_id` bigint(20) NOT NULL,
  `token` varchar(255) NOT NULL,
  `expiry_time` datetime NOT NULL
) ENGINE=InnoDB DEFAULT CHARSET=utf8mb4 COLLATE=utf8mb4_unicode_ci;

--
-- 傾印資料表的資料 `reset_token`
--

INSERT INTO `reset_token` (`token_id`, `customer_id`, `token`, `expiry_time`) VALUES
(1, 1, 'token123456', '2025-12-01 23:59:59'),
(2, 2, 'token654321', '2025-12-02 23:59:59'),
(14, 5, '95fa93af4f09b1c05f1cf664a3cf7e97d7dcf263a6960b9df7acfdeff94ca9c3', '2025-12-09 14:33:04');

-- --------------------------------------------------------

--
-- 資料表結構 `role`
--

CREATE TABLE `role` (
  `role_id` int(11) NOT NULL,
  `role_name` varchar(50) NOT NULL
) ENGINE=InnoDB DEFAULT CHARSET=utf8mb4 COLLATE=utf8mb4_unicode_ci;

--
-- 傾印資料表的資料 `role`
--

INSERT INTO `role` (`role_id`, `role_name`) VALUES
(3, '客服'),
(2, '庫存管理'),
(1, '管理員');

-- --------------------------------------------------------

--
-- 資料表結構 `role_permission`
--

CREATE TABLE `role_permission` (
  `role_id` int(11) NOT NULL,
  `permission_id` int(11) NOT NULL
) ENGINE=InnoDB DEFAULT CHARSET=utf8mb4 COLLATE=utf8mb4_unicode_ci;

--
-- 傾印資料表的資料 `role_permission`
--

INSERT INTO `role_permission` (`role_id`, `permission_id`) VALUES
(1, 1),
(1, 2),
(1, 3),
(2, 1),
(3, 2);

--
-- 已傾印資料表的索引
--

--
-- 資料表索引 `admin`
--
ALTER TABLE `admin`
  ADD PRIMARY KEY (`admin_id`),
  ADD UNIQUE KEY `username` (`username`),
  ADD KEY `fk_admin_role` (`role_id`);

--
-- 資料表索引 `cart_item`
--
ALTER TABLE `cart_item`
  ADD PRIMARY KEY (`cart_item_id`),
  ADD KEY `idx_cartitem_product_id` (`product_id`),
  ADD KEY `customer_id` (`customer_id`);

--
-- 資料表索引 `category`
--
ALTER TABLE `category`
  ADD PRIMARY KEY (`category_id`),
  ADD UNIQUE KEY `category_name` (`category_name`);

--
-- 資料表索引 `customer`
--
ALTER TABLE `customer`
  ADD PRIMARY KEY (`customer_id`),
  ADD UNIQUE KEY `uk_customer_email` (`email`);

--
-- 資料表索引 `membership_level`
--
ALTER TABLE `membership_level`
  ADD PRIMARY KEY (`level_id`);

--
-- 資料表索引 `order`
--
ALTER TABLE `order`
  ADD PRIMARY KEY (`order_id`),
  ADD KEY `fk_order_payment` (`payment_id`),
  ADD KEY `idx_order_customer_id` (`customer_id`);

--
-- 資料表索引 `order_detail`
--
ALTER TABLE `order_detail`
  ADD PRIMARY KEY (`order_detail_id`),
  ADD KEY `fk_orderdetail_product` (`product_id`),
  ADD KEY `idx_orderdetail_order_id` (`order_id`);

--
-- 資料表索引 `payment`
--
ALTER TABLE `payment`
  ADD PRIMARY KEY (`payment_id`);

--
-- 資料表索引 `permission`
--
ALTER TABLE `permission`
  ADD PRIMARY KEY (`permission_id`);

--
-- 資料表索引 `product`
--
ALTER TABLE `product`
  ADD PRIMARY KEY (`product_id`),
  ADD KEY `idx_product_category` (`category_id`);

--
-- 資料表索引 `reset_token`
--
ALTER TABLE `reset_token`
  ADD PRIMARY KEY (`token_id`),
  ADD UNIQUE KEY `token` (`token`),
  ADD KEY `idx_resettoken_customer_id` (`customer_id`);

--
-- 資料表索引 `role`
--
ALTER TABLE `role`
  ADD PRIMARY KEY (`role_id`),
  ADD UNIQUE KEY `role_name` (`role_name`);

--
-- 資料表索引 `role_permission`
--
ALTER TABLE `role_permission`
  ADD PRIMARY KEY (`role_id`,`permission_id`),
  ADD KEY `fk_rolepermission_permission` (`permission_id`);

--
-- 在傾印的資料表使用自動遞增(AUTO_INCREMENT)
--

--
-- 使用資料表自動遞增(AUTO_INCREMENT) `admin`
--
ALTER TABLE `admin`
  MODIFY `admin_id` bigint(20) NOT NULL AUTO_INCREMENT, AUTO_INCREMENT=5;

--
-- 使用資料表自動遞增(AUTO_INCREMENT) `cart_item`
--
ALTER TABLE `cart_item`
  MODIFY `cart_item_id` bigint(20) NOT NULL AUTO_INCREMENT;

--
-- 使用資料表自動遞增(AUTO_INCREMENT) `category`
--
ALTER TABLE `category`
  MODIFY `category_id` int(11) NOT NULL AUTO_INCREMENT, AUTO_INCREMENT=28;

--
-- 使用資料表自動遞增(AUTO_INCREMENT) `customer`
--
ALTER TABLE `customer`
  MODIFY `customer_id` bigint(20) NOT NULL AUTO_INCREMENT;

--
-- 使用資料表自動遞增(AUTO_INCREMENT) `membership_level`
--
ALTER TABLE `membership_level`
  MODIFY `level_id` int(11) NOT NULL AUTO_INCREMENT;

--
-- 使用資料表自動遞增(AUTO_INCREMENT) `order`
--
ALTER TABLE `order`
  MODIFY `order_id` bigint(20) NOT NULL AUTO_INCREMENT;

--
-- 使用資料表自動遞增(AUTO_INCREMENT) `order_detail`
--
ALTER TABLE `order_detail`
  MODIFY `order_detail_id` bigint(20) NOT NULL AUTO_INCREMENT;

--
-- 使用資料表自動遞增(AUTO_INCREMENT) `payment`
--
ALTER TABLE `payment`
  MODIFY `payment_id` bigint(20) NOT NULL AUTO_INCREMENT, AUTO_INCREMENT=7;

--
-- 使用資料表自動遞增(AUTO_INCREMENT) `permission`
--
ALTER TABLE `permission`
  MODIFY `permission_id` int(11) NOT NULL AUTO_INCREMENT, AUTO_INCREMENT=10;

--
-- 使用資料表自動遞增(AUTO_INCREMENT) `product`
--
ALTER TABLE `product`
  MODIFY `product_id` bigint(20) NOT NULL AUTO_INCREMENT;

--
-- 使用資料表自動遞增(AUTO_INCREMENT) `reset_token`
--
ALTER TABLE `reset_token`
  MODIFY `token_id` bigint(20) NOT NULL AUTO_INCREMENT, AUTO_INCREMENT=15;

--
-- 使用資料表自動遞增(AUTO_INCREMENT) `role`
--
ALTER TABLE `role`
  MODIFY `role_id` int(11) NOT NULL AUTO_INCREMENT, AUTO_INCREMENT=4;

--
-- 已傾印資料表的限制式
--

--
-- 資料表的限制式 `admin`
--
ALTER TABLE `admin`
  ADD CONSTRAINT `fk_admin_role` FOREIGN KEY (`role_id`) REFERENCES `role` (`role_id`) ON UPDATE CASCADE;

--
-- 資料表的限制式 `cart_item`
--
ALTER TABLE `cart_item`
  ADD CONSTRAINT `fk_cartitem_customer` FOREIGN KEY (`customer_id`) REFERENCES `customer` (`customer_id`) ON DELETE CASCADE ON UPDATE CASCADE,
  ADD CONSTRAINT `fk_cartitem_product` FOREIGN KEY (`product_id`) REFERENCES `product` (`product_id`) ON UPDATE CASCADE;

--
-- 資料表的限制式 `order`
--
ALTER TABLE `order`
  ADD CONSTRAINT `fk_order_customer` FOREIGN KEY (`customer_id`) REFERENCES `customer` (`customer_id`) ON UPDATE CASCADE,
  ADD CONSTRAINT `fk_order_payment` FOREIGN KEY (`payment_id`) REFERENCES `payment` (`payment_id`) ON DELETE SET NULL ON UPDATE CASCADE;

--
-- 資料表的限制式 `order_detail`
--
ALTER TABLE `order_detail`
  ADD CONSTRAINT `fk_orderdetail_order` FOREIGN KEY (`order_id`) REFERENCES `order` (`order_id`) ON DELETE CASCADE ON UPDATE CASCADE,
  ADD CONSTRAINT `fk_orderdetail_product` FOREIGN KEY (`product_id`) REFERENCES `product` (`product_id`) ON UPDATE CASCADE;

--
-- 資料表的限制式 `product`
--
ALTER TABLE `product`
  ADD CONSTRAINT `fk_product_category` FOREIGN KEY (`category_id`) REFERENCES `category` (`category_id`) ON DELETE SET NULL ON UPDATE CASCADE;

--
-- 資料表的限制式 `reset_token`
--
ALTER TABLE `reset_token`
  ADD CONSTRAINT `fk_resettoken_customer` FOREIGN KEY (`customer_id`) REFERENCES `customer` (`customer_id`) ON DELETE CASCADE ON UPDATE CASCADE;

--
-- 資料表的限制式 `role_permission`
--
ALTER TABLE `role_permission`
  ADD CONSTRAINT `fk_rolepermission_permission` FOREIGN KEY (`permission_id`) REFERENCES `permission` (`permission_id`) ON DELETE CASCADE ON UPDATE CASCADE,
  ADD CONSTRAINT `fk_rolepermission_role` FOREIGN KEY (`role_id`) REFERENCES `role` (`role_id`) ON DELETE CASCADE ON UPDATE CASCADE;
COMMIT;

/*!40101 SET CHARACTER_SET_CLIENT=@OLD_CHARACTER_SET_CLIENT */;
/*!40101 SET CHARACTER_SET_RESULTS=@OLD_CHARACTER_SET_RESULTS */;
/*!40101 SET COLLATION_CONNECTION=@OLD_COLLATION_CONNECTION */;
